{
  "battle_won_mean": [
    0.0,
    0.0,
    0.0,
    0.0,
    0.0,
    0.0,
    0.0,
    0.0,
    0.0,
    0.0,
    0.0,
    0.0,
    0.0,
    0.0,
    0.0,
    0.0,
    0.0,
    0.0,
    0.0,
    0.0,
    0.0
  ],
  "battle_won_mean_T": [
    10,
    10010,
    20010,
    30010,
    40010,
    50010,
    60010,
    70010,
    80010,
    90010,
    100010,
    110010,
    120010,
    130010,
    140010,
    150010,
    160010,
    170010,
    180010,
    190010,
    200010
  ],
  "ep_length_mean": [
    10.0,
    10.0,
    10.0,
    10.0,
    10.0,
    10.0,
    10.0,
    10.0,
    10.0,
    10.0,
    10.0,
    10.0,
    10.0,
    10.0,
    10.0,
    10.0,
    10.0,
    10.0,
    10.0,
    10.0,
    10.0
  ],
  "ep_length_mean_T": [
    10,
    10010,
    20010,
    30010,
    40010,
    50010,
    60010,
    70010,
    80010,
    90010,
    100010,
    110010,
    120010,
    130010,
    140010,
    150010,
    160010,
    170010,
    180010,
    190010,
    200010
  ],
  "episode": [
    1000,
    2000,
    3000,
    4000,
    5000,
    6000,
    7000,
    8000,
    9000,
    10000,
    11000,
    12000,
    13000,
    14000,
    15000,
    16000,
    17000,
    18000,
    19000,
    20000
  ],
  "episode_T": [
    10000,
    20000,
    30000,
    40000,
    50000,
    60000,
    70000,
    80000,
    90000,
    100000,
    110000,
    120000,
    130000,
    140000,
    150000,
    160000,
    170000,
    180000,
    190000,
    200000
  ],
  "epsilon": [
    1.0,
    0.81,
    0.6200000000000001,
    0.43000000000000005,
    0.2400000000000001,
    0.050000000000000155,
    0.05,
    0.05,
    0.05,
    0.05,
    0.05,
    0.05,
    0.05,
    0.05,
    0.05,
    0.05,
    0.05,
    0.05,
    0.05,
    0.05,
    0.05
  ],
  "epsilon_T": [
    10,
    10010,
    20010,
    30010,
    40010,
    50010,
    60010,
    70010,
    80010,
    90010,
    100010,
    110010,
    120010,
    130010,
    140010,
    150010,
    160010,
    170010,
    180010,
    190010,
    200010
  ],
  "grad_norm": [
    105.0670394897461,
    48.14462661743164,
    37.99151611328125,
    85.63853454589844,
    28.621822357177734,
    50.09968948364258,
    49.96339797973633,
    32.3752326965332,
    48.324554443359375,
    57.680694580078125,
    44.59846115112305,
    56.092872619628906,
    20.776845932006836,
    42.891963958740234,
    57.38526916503906,
    36.94694900512695,
    56.90846633911133,
    54.781375885009766,
    47.821231842041016,
    32.14116668701172,
    42.66411209106445
  ],
  "grad_norm_T": [
    320,
    10320,
    20320,
    30320,
    40320,
    50320,
    60320,
    70320,
    80320,
    90320,
    100320,
    110320,
    120320,
    130320,
    140320,
    150320,
    160320,
    170320,
    180320,
    190320,
    200320
  ],
  "loss": [
    144.56271362304688,
    1.3318859338760376,
    4.936213493347168,
    4.433774471282959,
    2.2637875080108643,
    1.9919856786727905,
    1.4651130437850952,
    1.2273452281951904,
    1.0557949542999268,
    1.0854966640472412,
    1.1532474756240845,
    1.1228811740875244,
    0.9664655923843384,
    1.0496418476104736,
    1.1415764093399048,
    1.0547479391098022,
    1.1744343042373657,
    1.0942317247390747,
    1.111243486404419,
    1.027937650680542,
    1.295158863067627
  ],
  "loss_T": [
    320,
    10320,
    20320,
    30320,
    40320,
    50320,
    60320,
    70320,
    80320,
    90320,
    100320,
    110320,
    120320,
    130320,
    140320,
    150320,
    160320,
    170320,
    180320,
    190320,
    200320
  ],
  "q_taken_mean": [
    0.007464317480723063,
    -0.044621604283650716,
    0.0034087451299031576,
    0.006391056776046753,
    -0.002939935326576233,
    0.019588894844055176,
    0.015409708023071289,
    0.021147422790527344,
    0.014902218182881673,
    0.01656905174255371,
    0.013411436080932617,
    0.0038810014724731446,
    0.0019116822878519693,
    0.002074090242385864,
    -0.004080852667490641,
    -0.005128887494405111,
    -0.0048883525530497235,
    -0.004859488805135091,
    -0.006477805773417155,
    -0.010496613979339599,
    -0.010185264746348063
  ],
  "q_taken_mean_T": [
    320,
    10320,
    20320,
    30320,
    40320,
    50320,
    60320,
    70320,
    80320,
    90320,
    100320,
    110320,
    120320,
    130320,
    140320,
    150320,
    160320,
    170320,
    180320,
    190320,
    200320
  ],
  "return_mean": [
    -127.5,
    -108.0535,
    -84.3,
    -56.893,
    -30.4,
    -2.7285,
    15.6365,
    16.0935,
    16.271,
    16.144,
    16.2015,
    16.136,
    16.102,
    16.1985,
    16.1865,
    16.24,
    16.303,
    16.288,
    16.0355,
    15.9015,
    16.0885
  ],
  "return_mean_T": [
    10,
    10010,
    20010,
    30010,
    40010,
    50010,
    60010,
    70010,
    80010,
    90010,
    100010,
    110010,
    120010,
    130010,
    140010,
    150010,
    160010,
    170010,
    180010,
    190010,
    200010
  ],
  "return_std": [
    0.0,
    8.415158213010614,
    11.011153436402564,
    10.47587948575202,
    10.499714281826911,
    10.681059767176663,
    4.802355437699297,
    4.7692774872091475,
    4.88564826814211,
    4.821800908374381,
    5.0358363505975845,
    4.752999474016382,
    4.881403076985141,
    4.8972796275075,
    4.863071842981554,
    4.889826172779561,
    4.8645339961809295,
    4.69803746260074,
    4.9458052681034665,
    4.860251819607704,
    4.814241139577452
  ],
  "return_std_T": [
    10,
    10010,
    20010,
    30010,
    40010,
    50010,
    60010,
    70010,
    80010,
    90010,
    100010,
    110010,
    120010,
    130010,
    140010,
    150010,
    160010,
    170010,
    180010,
    190010,
    200010
  ],
  "scaned_mean": [
    2.0,
    1.243,
    2.772,
    5.468,
    6.869,
    11.304,
    16.409,
    17.132,
    17.613,
    17.945,
    17.92,
    17.919,
    17.775,
    17.77,
    17.952,
    17.997,
    17.895,
    17.984,
    17.77,
    17.876,
    17.925
  ],
  "scaned_mean_T": [
    10,
    10010,
    20010,
    30010,
    40010,
    50010,
    60010,
    70010,
    80010,
    90010,
    100010,
    110010,
    120010,
    130010,
    140010,
    150010,
    160010,
    170010,
    180010,
    190010,
    200010
  ],
  "target_mean": [
    -0.7782686869303386,
    -0.7163167317708333,
    -0.47422556559244794,
    -0.16114913940429687,
    -0.13516151428222656,
    0.19466270446777345,
    0.40005877176920573,
    0.5014882405598958,
    0.5574659729003906,
    0.6681343587239583,
    0.7145235188802084,
    0.732525380452474,
    0.7347329711914062,
    0.7841393534342448,
    0.7591492716471354,
    0.7699263509114583,
    0.7585686238606771,
    0.8122801717122395,
    0.8208044942220052,
    0.7986597188313802,
    0.798326161702474
  ],
  "target_mean_T": [
    320,
    10320,
    20320,
    30320,
    40320,
    50320,
    60320,
    70320,
    80320,
    90320,
    100320,
    110320,
    120320,
    130320,
    140320,
    150320,
    160320,
    170320,
    180320,
    190320,
    200320
  ],
  "td_error_abs": [
    11.886450958251952,
    0.7811292171478271,
    1.702042007446289,
    1.7361871719360351,
    1.201553726196289,
    1.0990131378173829,
    0.9393085479736328,
    0.858453369140625,
    0.7926704406738281,
    0.8045735359191895,
    0.84404296875,
    0.8312688827514648,
    0.7539416313171386,
    0.8197256088256836,
    0.8370101928710938,
    0.8085617065429688,
    0.8373527526855469,
    0.81392822265625,
    0.8312273025512695,
    0.785072135925293,
    0.8898237228393555
  ],
  "td_error_abs_T": [
    320,
    10320,
    20320,
    30320,
    40320,
    50320,
    60320,
    70320,
    80320,
    90320,
    100320,
    110320,
    120320,
    130320,
    140320,
    150320,
    160320,
    170320,
    180320,
    190320,
    200320
  ],