{
  "battle_won_mean": [
    0.0,
    0.0,
    0.0,
    0.0,
    0.0,
    0.0,
    0.0,
    0.0,
    0.0,
    0.0,
    0.0,
    0.0,
    0.0,
    0.0,
    0.0,
    0.0,
    0.0,
    0.0,
    0.0,
    0.0,
    0.0
  ],
  "battle_won_mean_T": [
    10,
    10010,
    20010,
    30010,
    40010,
    50010,
    60010,
    70010,
    80010,
    90010,
    100010,
    110010,
    120010,
    130010,
    140010,
    150010,
    160010,
    170010,
    180010,
    190010,
    200010
  ],
  "ep_length_mean": [
    10.0,
    10.0,
    10.0,
    10.0,
    10.0,
    10.0,
    10.0,
    10.0,
    10.0,
    10.0,
    10.0,
    10.0,
    10.0,
    10.0,
    10.0,
    10.0,
    10.0,
    10.0,
    10.0,
    10.0,
    10.0
  ],
  "ep_length_mean_T": [
    10,
    10010,
    20010,
    30010,
    40010,
    50010,
    60010,
    70010,
    80010,
    90010,
    100010,
    110010,
    120010,
    130010,
    140010,
    150010,
    160010,
    170010,
    180010,
    190010,
    200010
  ],
  "episode": [
    1000,
    2000,
    3000,
    4000,
    5000,
    6000,
    7000,
    8000,
    9000,
    10000,
    11000,
    12000,
    13000,
    14000,
    15000,
    16000,
    17000,
    18000,
    19000,
    20000
  ],
  "episode_T": [
    10000,
    20000,
    30000,
    40000,
    50000,
    60000,
    70000,
    80000,
    90000,
    100000,
    110000,
    120000,
    130000,
    140000,
    150000,
    160000,
    170000,
    180000,
    190000,
    200000
  ],
  "epsilon": [
    1.0,
    0.81,
    0.6200000000000001,
    0.43000000000000005,
    0.2400000000000001,
    0.050000000000000155,
    0.05,
    0.05,
    0.05,
    0.05,
    0.05,
    0.05,
    0.05,
    0.05,
    0.05,
    0.05,
    0.05,
    0.05,
    0.05,
    0.05,
    0.05
  ],
  "epsilon_T": [
    10,
    10010,
    20010,
    30010,
    40010,
    50010,
    60010,
    70010,
    80010,
    90010,
    100010,
    110010,
    120010,
    130010,
    140010,
    150010,
    160010,
    170010,
    180010,
    190010,
    200010
  ],
  "grad_norm": [
    247.4097137451172,
    4.37993860244751,
    1.4077982902526855,
    0.9969778656959534,
    3.330252170562744,
    3.8408710956573486,
    14.500829696655273,
    3.4779438972473145,
    10.28451156616211,
    7.770792484283447,
    3.569263458251953,
    3.309053421020508,
    4.69232702255249,
    1.6669577360153198,
    1.2355492115020752,
    1.4491058588027954,
    1.2649588584899902,
    0.8376950621604919,
    1.6493675708770752,
    0.8675927519798279,
    3.230006217956543
  ],
  "grad_norm_T": [
    320,
    10320,
    20320,
    30320,
    40320,
    50320,
    60320,
    70320,
    80320,
    90320,
    100320,
    110320,
    120320,
    130320,
    140320,
    150320,
    160320,
    170320,
    180320,
    190320,
    200320
  ],
  "loss": [
    142.11097717285156,
    1.1816422939300537,
    0.7687420845031738,
    0.4171043336391449,
    0.4814591407775879,
    0.37737616896629333,
    2.177014112472534,
    1.9761584997177124,
    1.7590631246566772,
    1.3424898386001587,
    1.3543825149536133,
    1.5942137241363525,
    1.3570756912231445,
    1.4962122440338135,
    1.6187591552734375,
    1.391864538192749,
    1.6575279235839844,
    1.4390928745269775,
    1.5212806463241577,
    1.4282433986663818,
    1.4602407217025757
  ],
  "loss_T": [
    320,
    10320,
    20320,
    30320,
    40320,
    50320,
    60320,
    70320,
    80320,
    90320,
    100320,
    110320,
    120320,
    130320,
    140320,
    150320,
    160320,
    170320,
    180320,
    190320,
    200320
  ],
  "q_taken_mean": [
    -2.790946513414383e-05,
    -0.7758210245768229,
    -0.6258252461751302,
    -0.5423403930664062,
    -0.5193524169921875,
    -0.46865926106770833,
    -0.03169912020365397,
    0.19025850931803384,
    0.2943141682942708,
    0.3837549591064453,
    0.4435870869954427,
    0.4123573048909505,
    0.4196651458740234,
    0.4640397135416667,
    0.43930908203125,
    0.43545786539713544,
    0.44671661376953126,
    0.44552022298177085,
    0.4440399678548177,
    0.4616180928548177,
    0.4673057047526042
  ],
  "q_taken_mean_T": [
    320,
    10320,
    20320,
    30320,
    40320,
    50320,
    60320,
    70320,
    80320,
    90320,
    100320,
    110320,
    120320,
    130320,
    140320,
    150320,
    160320,
    170320,
    180320,
    190320,
    200320
  ],
  "return_mean": [
    -128.0,
    -107.5285,
    -85.622,
    -63.2425,
    -40.8935,
    -16.8505,
    6.1335,
    7.3925,
    7.5985,
    7.2015,
    7.4025,
    7.323,
    7.301,
    7.3885,
    7.6715,
    7.5395,
    7.3785,
    7.4995,
    7.292,
    7.399,
    7.4385
  ],
  "return_mean_T": [
    10,
    10010,
    20010,
    30010,
    40010,
    50010,
    60010,
    70010,
    80010,
    90010,
    100010,
    110010,
    120010,
    130010,
    140010,
    150010,
    160010,
    170010,
    180010,
    190010,
    200010
  ],
  "return_std": [
    0.0,
    8.85601139057533,
    8.97926032588431,
    8.75388163902163,
    8.70780728714181,
    9.049939212503032,
    5.188441745842388,
    4.812399998961017,
    4.5369094932563945,
    4.719284665073722,
    4.794605692859425,
    4.725639745050399,
    4.673745714092712,
    4.754242079448627,
    4.5656694744582635,
    4.766097958498126,
    4.6285513662484075,
    4.728292477205699,
    4.51306281808707,
    4.70439145905185,
    4.767228518751749
  ],
  "return_std_T": [
    10,
    10010,
    20010,
    30010,
    40010,
    50010,
    60010,
    70010,
    80010,
    90010,
    100010,
    110010,
    120010,
    130010,
    140010,
    150010,
    160010,
    170010,
    180010,
    190010,
    200010
  ],
  "scaned_mean": [
    1.0,
    1.224,
    0.758,
    0.456,
    0.197,
    0.563,
    6.771,
    7.313,
    7.384,
    7.176,
    7.375,
    7.314,
    7.324,
    7.302,
    7.453,
    7.411,
    7.226,
    7.373,
    7.343,
    7.327,
    7.368
  ],
  "scaned_mean_T": [
    10,
    10010,
    20010,
    30010,
    40010,
    50010,
    60010,
    70010,
    80010,
    90010,
    100010,
    110010,
    120010,
    130010,
    140010,
    150010,
    160010,
    170010,
    180010,
    190010,
    200010
  ],
  "target_mean": [
    -0.7866246541341145,
    -0.7681242370605469,
    -0.6234531656901041,
    -0.5406253051757812,
    -0.5253956095377604,
    -0.47556833902994794,
    -0.006107890605926513,
    0.19690433502197266,
    0.3061757151285807,
    0.3939383951822917,
    0.45148920694986977,
    0.41897137959798175,
    0.407880859375,
    0.46703053792317706,
    0.43645304361979165,
    0.4391245524088542,
    0.4442347208658854,
    0.44484786987304686,
    0.44686543782552085,
    0.46314498901367185,
    0.4565264892578125
  ],
  "target_mean_T": [
    320,
    10320,
    20320,
    30320,
    40320,
    50320,
    60320,
    70320,
    80320,
    90320,
    100320,
    110320,
    120320,
    130320,
    140320,
    150320,
    160320,
    170320,
    180320,
    190320,
    200320
  ],
  "td_error_abs": [
    11.798950958251954,
    0.6286223888397217,
    0.5064890861511231,
    0.3711775541305542,
    0.43663668632507324,
    0.39881577491760256,
    1.2223336219787597,
    1.152609634399414,
    1.1047128677368163,
    0.9793298721313477,
    1.0035640716552734,
    1.077192783355713,
    1.0148565292358398,
    1.0136219024658204,
    1.0659744262695312,
    1.0204755783081054,
    1.0674635887145996,
    1.0039126396179199,
    1.0562248229980469,
    1.017247486114502,
    1.0037818908691407
  ],
  "td_error_abs_T": [
    320,
    10320,
    20320,
    30320,
    40320,
    50320,
    60320,
    70320,
    80320,
    90320,
    100320,
    110320,
    120320,
    130320,
    140320,
    150320,
    160320,
    170320,
    180320,
    190320,
    200320
  ],