{
  "battle_won_mean": [
    0.0,
    0.0,
    0.0,
    0.0,
    0.0,
    0.0,
    0.0,
    0.0,
    0.0,
    0.0,
    0.0,
    0.0,
    0.0,
    0.0,
    0.0,
    0.0,
    0.0,
    0.0,
    0.0,
    0.0,
    0.0
  ],
  "battle_won_mean_T": [
    10,
    10010,
    20010,
    30010,
    40010,
    50010,
    60010,
    70010,
    80010,
    90010,
    100010,
    110010,
    120010,
    130010,
    140010,
    150010,
    160010,
    170010,
    180010,
    190010,
    200010
  ],
  "ep_length_mean": [
    10.0,
    10.0,
    10.0,
    10.0,
    10.0,
    10.0,
    10.0,
    10.0,
    10.0,
    10.0,
    10.0,
    10.0,
    10.0,
    10.0,
    10.0,
    10.0,
    10.0,
    10.0,
    10.0,
    10.0,
    10.0
  ],
  "ep_length_mean_T": [
    10,
    10010,
    20010,
    30010,
    40010,
    50010,
    60010,
    70010,
    80010,
    90010,
    100010,
    110010,
    120010,
    130010,
    140010,
    150010,
    160010,
    170010,
    180010,
    190010,
    200010
  ],
  "episode": [
    1000,
    2000,
    3000,
    4000,
    5000,
    6000,
    7000,
    8000,
    9000,
    10000,
    11000,
    12000,
    13000,
    14000,
    15000,
    16000,
    17000,
    18000,
    19000,
    20000
  ],
  "episode_T": [
    10000,
    20000,
    30000,
    40000,
    50000,
    60000,
    70000,
    80000,
    90000,
    100000,
    110000,
    120000,
    130000,
    140000,
    150000,
    160000,
    170000,
    180000,
    190000,
    200000
  ],
  "epsilon": [
    1.0,
    0.81,
    0.6200000000000001,
    0.43000000000000005,
    0.2400000000000001,
    0.050000000000000155,
    0.05,
    0.05,
    0.05,
    0.05,
    0.05,
    0.05,
    0.05,
    0.05,
    0.05,
    0.05,
    0.05,
    0.05,
    0.05,
    0.05,
    0.05
  ],
  "epsilon_T": [
    10,
    10010,
    20010,
    30010,
    40010,
    50010,
    60010,
    70010,
    80010,
    90010,
    100010,
    110010,
    120010,
    130010,
    140010,
    150010,
    160010,
    170010,
    180010,
    190010,
    200010
  ],
  "grad_norm": [
    359.4197692871094,
    21.860929489135742,
    58.95246124267578,
    49.20196533203125,
    37.47593307495117,
    54.346893310546875,
    70.47074890136719,
    20.85772705078125,
    52.69376754760742,
    43.217308044433594,
    37.40077209472656,
    34.13535690307617,
    36.161155700683594,
    52.30678176879883,
    34.102630615234375,
    43.257389068603516,
    28.20929718017578,
    8.654871940612793,
    43.1019401550293,
    34.9802360534668,
    25.01065444946289
  ],
  "grad_norm_T": [
    320,
    10320,
    20320,
    30320,
    40320,
    50320,
    60320,
    70320,
    80320,
    90320,
    100320,
    110320,
    120320,
    130320,
    140320,
    150320,
    160320,
    170320,
    180320,
    190320,
    200320
  ],
  "loss": [
    140.01058959960938,
    2.320652484893799,
    3.466273546218872,
    3.1384479999542236,
    2.2545902729034424,
    1.974236249923706,
    1.7249183654785156,
    1.1448688507080078,
    1.3531514406204224,
    1.1037473678588867,
    1.2094827890396118,
    0.9941363334655762,
    1.0860469341278076,
    1.0935145616531372,
    1.1992591619491577,
    1.0645233392715454,
    1.1182461977005005,
    1.0326969623565674,
    1.3439180850982666,
    1.2125647068023682,
    1.1879613399505615
  ],
  "loss_T": [
    320,
    10320,
    20320,
    30320,
    40320,
    50320,
    60320,
    70320,
    80320,
    90320,
    100320,
    110320,
    120320,
    130320,
    140320,
    150320,
    160320,
    170320,
    180320,
    190320,
    200320
  ],
  "q_taken_mean": [
    -0.0008776374657948812,
    -0.010933556556701661,
    0.0013215204079945883,
    0.0027180196841557823,
    0.00030050421754519144,
    -0.0019067827860514324,
    0.006892862319946289,
    0.003227553367614746,
    0.005330913066864014,
    0.0005116203427314759,
    -0.0005079111456871032,
    -0.0058220299084981286,
    -0.0038132794698079427,
    -0.008956369558970133,
    -0.011238616307576497,
    -0.0127168075243632,
    -0.015076632499694825,
    -0.012303569316864015,
    -0.02040246327718099,
    -0.019815823237101238,
    -0.01788394292195638
  ],
  "q_taken_mean_T": [
    320,
    10320,
    20320,
    30320,
    40320,
    50320,
    60320,
    70320,
    80320,
    90320,
    100320,
    110320,
    120320,
    130320,
    140320,
    150320,
    160320,
    170320,
    180320,
    190320,
    200320
  ],
  "return_mean": [
    -120.0,
    -107.7595,
    -82.616,
    -56.2575,
    -29.3495,
    0.267,
    16.1835,
    16.4735,
    16.9265,
    16.849,
    17.0065,
    16.9615,
    16.8835,
    16.8515,
    17.1305,
    16.9565,
    16.9645,
    16.7115,
    16.999,
    17.092,
    16.6895
  ],
  "return_mean_T": [
    10,
    10010,
    20010,
    30010,
    40010,
    50010,
    60010,
    70010,
    80010,
    90010,
    100010,
    110010,
    120010,
    130010,
    140010,
    150010,
    160010,
    170010,
    180010,
    190010,
    200010
  ],
  "return_std": [
    0.0,
    9.115421534410793,
    10.282900563556957,
    11.062501694915124,
    11.323409369531776,
    10.785115252049929,
    4.604517102802421,
    5.0226036823544025,
    4.697323466613727,
    4.8129719508844016,
    4.854812843972463,
    4.700879465589391,
    4.869053065021987,
    4.761585634008907,
    4.912557353354768,
    5.044983424155128,
    4.75299797496275,
    4.805727598397562,
    4.962458967084766,
    4.799951666423318,
    4.839611528831627
  ],
  "return_std_T": [
    10,
    10010,
    20010,
    30010,
    40010,
    50010,
    60010,
    70010,
    80010,
    90010,
    100010,
    110010,
    120010,
    130010,
    140010,
    150010,
    160010,
    170010,
    180010,
    190010,
    200010
  ],
  "scaned_mean": [
    0.0,
    1.554,
    4.268,
    6.414,
    10.21,
    14.63,
    17.094,
    17.668,
    18.351,
    18.563,
    18.768,
    18.665,
    18.76,
    18.692,
    18.827,
    18.705,
    18.704,
    18.565,
    18.819,
    18.865,
    18.655
  ],
  "scaned_mean_T": [
    10,
    10010,
    20010,
    30010,
    40010,
    50010,
    60010,
    70010,
    80010,
    90010,
    100010,
    110010,
    120010,
    130010,
    140010,
    150010,
    160010,
    170010,
    180010,
    190010,
    200010
  ],
  "target_mean": [
    -0.7652361551920573,
    -0.6653753153483073,
    0.02164490063985189,
    0.1690045420328776,
    0.21786099751790364,
    0.3416014607747396,
    0.5428335571289062,
    0.5516529846191406,
    0.6519106038411459,
    0.7357913208007812,
    0.8032116190592448,
    0.7828657023111979,
    0.8463313802083333,
    0.8585094197591145,
    0.8471322631835938,
    0.8344826253255209,
    0.8102310180664063,
    0.9150538126627604,
    0.8530768839518229,
    0.8604484049479166,
    0.8501308186848958
  ],
  "target_mean_T": [
    320,
    10320,
    20320,
    30320,
    40320,
    50320,
    60320,
    70320,
    80320,
    90320,
    100320,
    110320,
    120320,
    130320,
    140320,
    150320,
    160320,
    170320,
    180320,
    190320,
    200320
  ],
  "td_error_abs": [
    11.694400787353516,
    1.2341704368591309,
    1.3569574356079102,
    1.452547550201416,
    1.1767402648925782,
    1.1134468078613282,
    1.048535442352295,
    0.838996696472168,
    0.9522647857666016,
    0.8594010353088379,
    0.8541607856750488,
    0.7857646942138672,
    0.8367956161499024,
    0.8158143043518067,
    0.8775235176086426,
    0.8366629600524902,
    0.8147784233093261,
    0.7858014106750488,
    0.9324382781982422,
    0.8781953811645508,
    0.8657479286193848
  ],
  "td_error_abs_T": [
    320,
    10320,
    20320,
    30320,
    40320,
    50320,
    60320,
    70320,
    80320,
    90320,
    100320,
    110320,
    120320,
    130320,
    140320,
    150320,
    160320,
    170320,
    180320,
    190320,
    200320
  ],