{
  "battle_won_mean": [
    0.0,
    0.0,
    0.0,
    0.0,
    0.0,
    0.0,
    0.0,
    0.0,
    0.0,
    0.0,
    0.0,
    0.0,
    0.0,
    0.0,
    0.0,
    0.0,
    0.0,
    0.0,
    0.0,
    0.0,
    0.0
  ],
  "battle_won_mean_T": [
    10,
    10010,
    20010,
    30010,
    40010,
    50010,
    60010,
    70010,
    80010,
    90010,
    100010,
    110010,
    120010,
    130010,
    140010,
    150010,
    160010,
    170010,
    180010,
    190010,
    200010
  ],
  "ep_length_mean": [
    10.0,
    10.0,
    10.0,
    10.0,
    10.0,
    10.0,
    10.0,
    10.0,
    10.0,
    10.0,
    10.0,
    10.0,
    10.0,
    10.0,
    10.0,
    10.0,
    10.0,
    10.0,
    10.0,
    10.0,
    10.0
  ],
  "ep_length_mean_T": [
    10,
    10010,
    20010,
    30010,
    40010,
    50010,
    60010,
    70010,
    80010,
    90010,
    100010,
    110010,
    120010,
    130010,
    140010,
    150010,
    160010,
    170010,
    180010,
    190010,
    200010
  ],
  "episode": [
    1000,
    2000,
    3000,
    4000,
    5000,
    6000,
    7000,
    8000,
    9000,
    10000,
    11000,
    12000,
    13000,
    14000,
    15000,
    16000,
    17000,
    18000,
    19000,
    20000
  ],
  "episode_T": [
    10000,
    20000,
    30000,
    40000,
    50000,
    60000,
    70000,
    80000,
    90000,
    100000,
    110000,
    120000,
    130000,
    140000,
    150000,
    160000,
    170000,
    180000,
    190000,
    200000
  ],
  "epsilon": [
    1.0,
    0.81,
    0.6200000000000001,
    0.43000000000000005,
    0.2400000000000001,
    0.050000000000000155,
    0.05,
    0.05,
    0.05,
    0.05,
    0.05,
    0.05,
    0.05,
    0.05,
    0.05,
    0.05,
    0.05,
    0.05,
    0.05,
    0.05,
    0.05
  ],
  "epsilon_T": [
    10,
    10010,
    20010,
    30010,
    40010,
    50010,
    60010,
    70010,
    80010,
    90010,
    100010,
    110010,
    120010,
    130010,
    140010,
    150010,
    160010,
    170010,
    180010,
    190010,
    200010
  ],
  "grad_norm": [
    302.4288635253906,
    59.95915985107422,
    20.64838981628418,
    137.7692413330078,
    65.64603424072266,
    94.25712585449219,
    35.8824577331543,
    59.85790252685547,
    74.15644073486328,
    111.7615737915039,
    98.634033203125,
    88.0329818725586,
    49.99262237548828,
    75.75592041015625,
    46.02576446533203,
    49.329750061035156,
    73.16968536376953,
    66.6724624633789,
    70.63993072509766,
    36.13026809692383,
    67.91812133789062
  ],
  "grad_norm_T": [
    320,
    10320,
    20320,
    30320,
    40320,
    50320,
    60320,
    70320,
    80320,
    90320,
    100320,
    110320,
    120320,
    130320,
    140320,
    150320,
    160320,
    170320,
    180320,
    190320,
    200320
  ],
  "loss": [
    138.1639862060547,
    1.6339523792266846,
    4.445268154144287,
    5.1658935546875,
    3.0602948665618896,
    2.35612154006958,
    1.5189489126205444,
    1.2532202005386353,
    1.2404550313949585,
    1.4261571168899536,
    1.1700029373168945,
    1.1642624139785767,
    0.8819175958633423,
    0.9048520922660828,
    0.7871260643005371,
    0.8253709673881531,
    1.0383044481277466,
    0.9216307401657104,
    0.9155441522598267,
    0.8505293130874634,
    0.9943081140518188
  ],
  "loss_T": [
    320,
    10320,
    20320,
    30320,
    40320,
    50320,
    60320,
    70320,
    80320,
    90320,
    100320,
    110320,
    120320,
    130320,
    140320,
    150320,
    160320,
    170320,
    180320,
    190320,
    200320
  ],
  "q_taken_mean": [
    0.004518551031748454,
    -0.00593533198038737,
    0.00551764448483785,
    0.005828257401784261,
    -0.008475332260131837,
    -0.00025575165947278343,
    -0.002877602577209473,
    0.0019665082295735677,
    0.002552961707115173,
    0.0030268597602844238,
    -0.003694130976994832,
    -0.006706185340881347,
    -0.006017641226450602,
    -0.007955107688903808,
    -0.010168077150980632,
    -0.012867732842763265,
    -0.01040816068649292,
    -0.010753669738769532,
    -0.011570460001627604,
    -0.013439296086629231,
    -0.01216414213180542
  ],
  "q_taken_mean_T": [
    320,
    10320,
    20320,
    30320,
    40320,
    50320,
    60320,
    70320,
    80320,
    90320,
    100320,
    110320,
    120320,
    130320,
    140320,
    150320,
    160320,
    170320,
    180320,
    190320,
    200320
  ],
  "return_mean": [
    -125.0,
    -107.806,
    -83.898,
    -57.0835,
    -29.1805,
    1.625,
    17.862,
    18.5695,
    19.3645,
    20.1465,
    20.807,
    20.6815,
    20.862,
    20.6705,
    20.9115,
    20.7205,
    20.531,
    20.865,
    20.778,
    20.453,
    20.8855
  ],
  "return_mean_T": [
    10,
    10010,
    20010,
    30010,
    40010,
    50010,
    60010,
    70010,
    80010,
    90010,
    100010,
    110010,
    120010,
    130010,
    140010,
    150010,
    160010,
    170010,
    180010,
    190010,
    200010
  ],
  "return_std": [
    0.0,
    8.710503085356207,
    10.199489987249363,
    11.773265381787672,
    11.682194560526716,
    11.300193582412648,
    4.672735387329353,
    4.746200559394851,
    4.709871521602261,
    4.733422414067859,
    4.77831047547143,
    4.749927131020012,
    4.974681497342318,
    4.885404768286861,
    4.934816891233149,
    5.09113246242916,
    4.9187436404024965,
    4.983098935401544,
    5.030578097992318,
    5.020785894658325,
    4.878692422155757
  ],
  "return_std_T": [
    10,
    10010,
    20010,
    30010,
    40010,
    50010,
    60010,
    70010,
    80010,
    90010,
    100010,
    110010,
    120010,
    130010,
    140010,
    150010,
    160010,
    170010,
    180010,
    190010,
    200010
  ],
  "scaned_mean": [
    0.0,
    1.46,
    4.577,
    8.292,
    12.177,
    16.672,
    19.35,
    20.294,
    21.285,
    22.233,
    22.977,
    23.239,
    23.284,
    23.304,
    23.413,
    23.327,
    23.187,
    23.331,
    23.203,
    23.03,
    23.314
  ],
  "scaned_mean_T": [
    10,
    10010,
    20010,
    30010,
    40010,
    50010,
    60010,
    70010,
    80010,
    90010,
    100010,
    110010,
    120010,
    130010,
    140010,
    150010,
    160010,
    170010,
    180010,
    190010,
    200010
  ],
  "target_mean": [
    -0.7816711934407552,
    -0.7783966064453125,
    -0.26411585489908856,
    0.45219268798828127,
    0.3645526123046875,
    0.3945123799641927,
    0.49290323893229165,
    0.5928362019856771,
    0.65861083984375,
    0.8075848897298177,
    0.8092646789550781,
    0.8102973429361979,
    0.8613836669921875,
    0.9378683471679687,
    0.9298911539713541,
    0.889521484375,
    0.9246318562825521,
    0.9259427897135417,
    0.9408416748046875,
    0.9029750569661459,
    0.9204549153645833
  ],
  "target_mean_T": [
    320,
    10320,
    20320,
    30320,
    40320,
    50320,
    60320,
    70320,
    80320,
    90320,
    100320,
    110320,
    120320,
    130320,
    140320,
    150320,
    160320,
    170320,
    180320,
    190320,
    200320
  ],
  "td_error_abs": [
    11.610901641845704,
    0.9630695343017578,
    1.6357044219970702,
    1.7583663940429688,
    1.414062213897705,
    1.2131268501281738,
    0.9781879425048828,
    0.8844219207763672,
    0.9123638153076172,
    0.96512451171875,
    0.8683971405029297,
    0.8945376396179199,
    0.7407546043395996,
    0.7692383289337158,
    0.7029116153717041,
    0.7370081901550293,
    0.8114516258239746,
    0.756640625,
    0.7760619640350341,
    0.7238442897796631,
    0.7800503730773926
  ],
  "td_error_abs_T": [
    320,
    10320,
    20320,
    30320,
    40320,
    50320,
    60320,
    70320,
    80320,
    90320,
    100320,
    110320,
    120320,
    130320,
    140320,
    150320,
    160320,
    170320,
    180320,
    190320,
    200320
  ],