{
  "battle_won_mean": [
    0.0,
    0.0,
    0.0,
    0.0,
    0.0,
    0.0,
    0.0,
    0.0,
    0.0,
    0.0,
    0.0,
    0.0,
    0.0,
    0.0,
    0.0,
    0.0,
    0.0,
    0.0,
    0.0,
    0.0,
    0.0
  ],
  "battle_won_mean_T": [
    10,
    10010,
    20010,
    30010,
    40010,
    50010,
    60010,
    70010,
    80010,
    90010,
    100010,
    110010,
    120010,
    130010,
    140010,
    150010,
    160010,
    170010,
    180010,
    190010,
    200010
  ],
  "ep_length_mean": [
    10.0,
    10.0,
    10.0,
    10.0,
    10.0,
    10.0,
    10.0,
    10.0,
    10.0,
    10.0,
    10.0,
    10.0,
    10.0,
    10.0,
    10.0,
    10.0,
    10.0,
    10.0,
    10.0,
    10.0,
    10.0
  ],
  "ep_length_mean_T": [
    10,
    10010,
    20010,
    30010,
    40010,
    50010,
    60010,
    70010,
    80010,
    90010,
    100010,
    110010,
    120010,
    130010,
    140010,
    150010,
    160010,
    170010,
    180010,
    190010,
    200010
  ],
  "episode": [
    1000,
    2000,
    3000,
    4000,
    5000,
    6000,
    7000,
    8000,
    9000,
    10000,
    11000,
    12000,
    13000,
    14000,
    15000,
    16000,
    17000,
    18000,
    19000,
    20000
  ],
  "episode_T": [
    10000,
    20000,
    30000,
    40000,
    50000,
    60000,
    70000,
    80000,
    90000,
    100000,
    110000,
    120000,
    130000,
    140000,
    150000,
    160000,
    170000,
    180000,
    190000,
    200000
  ],
  "epsilon": [
    1.0,
    0.81,
    0.6200000000000001,
    0.43000000000000005,
    0.2400000000000001,
    0.050000000000000155,
    0.05,
    0.05,
    0.05,
    0.05,
    0.05,
    0.05,
    0.05,
    0.05,
    0.05,
    0.05,
    0.05,
    0.05,
    0.05,
    0.05,
    0.05
  ],
  "epsilon_T": [
    10,
    10010,
    20010,
    30010,
    40010,
    50010,
    60010,
    70010,
    80010,
    90010,
    100010,
    110010,
    120010,
    130010,
    140010,
    150010,
    160010,
    170010,
    180010,
    190010,
    200010
  ],
  "grad_norm": [
    328.5085754394531,
    33.66429901123047,
    19.59488296508789,
    86.83085632324219,
    45.31564712524414,
    71.18034362792969,
    61.273292541503906,
    64.98246765136719,
    72.06421661376953,
    68.71552276611328,
    51.32736587524414,
    79.47071075439453,
    82.71581268310547,
    90.72359466552734,
    82.13603210449219,
    75.01592254638672,
    41.966468811035156,
    32.42384719848633,
    52.518882751464844,
    64.99608612060547,
    53.85853958129883
  ],
  "grad_norm_T": [
    320,
    10320,
    20320,
    30320,
    40320,
    50320,
    60320,
    70320,
    80320,
    90320,
    100320,
    110320,
    120320,
    130320,
    140320,
    150320,
    160320,
    170320,
    180320,
    190320,
    200320
  ],
  "loss": [
    146.8146209716797,
    0.969941258430481,
    11.069551467895508,
    4.093817234039307,
    2.7793562412261963,
    2.2524638175964355,
    1.6712039709091187,
    1.8511934280395508,
    1.3078391551971436,
    1.160460114479065,
    0.8691012263298035,
    1.1918082237243652,
    1.0938600301742554,
    0.9928995966911316,
    1.0535179376602173,
    0.9028474688529968,
    0.6498409509658813,
    0.776774525642395,
    0.8183032274246216,
    0.8888151049613953,
    0.8434600830078125
  ],
  "loss_T": [
    320,
    10320,
    20320,
    30320,
    40320,
    50320,
    60320,
    70320,
    80320,
    90320,
    100320,
    110320,
    120320,
    130320,
    140320,
    150320,
    160320,
    170320,
    180320,
    190320,
    200320
  ],
  "q_taken_mean": [
    0.0006212091942628225,
    0.008132352828979492,
    0.02862164815266927,
    0.022174609502156575,
    0.012667768001556397,
    0.013484363555908202,
    0.02186324755350749,
    0.033192901611328124,
    0.04173269907633464,
    0.04631046295166016,
    0.04886849085489909,
    0.04929570198059082,
    0.049874254862467444,
    0.05056575139363607,
    0.05055251439412435,
    0.05070444107055664,
    0.05176893870035807,
    0.050392497380574545,
    0.049791507720947266,
    0.05072060267130534,
    0.05048327128092448
  ],
  "q_taken_mean_T": [
    320,
    10320,
    20320,
    30320,
    40320,
    50320,
    60320,
    70320,
    80320,
    90320,
    100320,
    110320,
    120320,
    130320,
    140320,
    150320,
    160320,
    170320,
    180320,
    190320,
    200320
  ],
  "return_mean": [
    -118.0,
    -107.949,
    -83.1025,
    -57.836,
    -29.5155,
    0.4805,
    17.283,
    18.119,
    18.708,
    19.134,
    19.485,
    19.44,
    19.611,
    19.481,
    19.5015,
    19.652,
    19.3585,
    19.7825,
    19.3375,
    19.4115,
    19.568
  ],
  "return_mean_T": [
    10,
    10010,
    20010,
    30010,
    40010,
    50010,
    60010,
    70010,
    80010,
    90010,
    100010,
    110010,
    120010,
    130010,
    140010,
    150010,
    160010,
    170010,
    180010,
    190010,
    200010
  ],
  "return_std": [
    0.0,
    9.138293002525144,
    10.847637703666177,
    11.44546215755397,
    11.430835916502344,
    11.011124817656006,
    4.893558112457642,
    4.862081755791443,
    4.805542217065624,
    4.7493203724322495,
    4.771873321872659,
    4.7835551632650795,
    4.651201887684516,
    4.5294192784506055,
    4.764582641743136,
    4.825908826324841,
    4.790535225838549,
    4.9155817305787926,
    4.885779748412734,
    4.851125410665035,
    4.6583662372123555
  ],
  "return_std_T": [
    10,
    10010,
    20010,
    30010,
    40010,
    50010,
    60010,
    70010,
    80010,
    90010,
    100010,
    110010,
    120010,
    130010,
    140010,
    150010,
    160010,
    170010,
    180010,
    190010,
    200010
  ],
  "scaned_mean": [
    0.0,
    1.208,
    3.055,
    7.65,
    10.687,
    15.195,
    18.803,
    19.878,
    20.536,
    20.952,
    21.092,
    21.118,
    21.215,
    21.166,
    21.247,
    21.366,
    21.242,
    21.374,
    21.27,
    21.271,
    21.258
  ],
  "scaned_mean_T": [
    10,
    10010,
    20010,
    30010,
    40010,
    50010,
    60010,
    70010,
    80010,
    90010,
    100010,
    110010,
    120010,
    130010,
    140010,
    150010,
    160010,
    170010,
    180010,
    190010,
    200010
  ],
  "target_mean": [
    -0.8630911254882813,
    -0.8718502807617188,
    -0.2861651611328125,
    0.24624114990234375,
    0.2087541707356771,
    0.2854870859781901,
    0.463822021484375,
    0.5796892801920573,
    0.7167262776692709,
    0.7590322367350261,
    0.801761474609375,
    0.8279322306315104,
    0.8486281331380209,
    0.8755354817708333,
    0.8778294881184896,
    0.8675177001953125,
    0.8633504231770833,
    0.8571866861979167,
    0.8636724853515625,
    0.8761925252278646,
    0.8637071736653645
  ],
  "target_mean_T": [
    320,
    10320,
    20320,
    30320,
    40320,
    50320,
    60320,
    70320,
    80320,
    90320,
    100320,
    110320,
    120320,
    130320,
    140320,
    150320,
    160320,
    170320,
    180320,
    190320,
    200320
  ],
  "td_error_abs": [
    12.001534271240235,
    0.6706961631774903,
    2.6640079498291014,
    1.5767903327941895,
    1.3190526962280273,
    1.1994739532470704,
    1.001231575012207,
    1.0724369049072267,
    0.8884771347045899,
    0.8382503509521484,
    0.7146011829376221,
    0.8721563339233398,
    0.8017040252685547,
    0.7594093322753906,
    0.7992539405822754,
    0.7397943019866944,
    0.6161884307861328,
    0.6867884635925293,
    0.718384838104248,
    0.7407027244567871,
    0.7147494316101074
  ],
  "td_error_abs_T": [
    320,
    10320,
    20320,
    30320,
    40320,
    50320,
    60320,
    70320,
    80320,
    90320,
    100320,
    110320,
    120320,
    130320,
    140320,
    150320,
    160320,
    170320,
    180320,
    190320,
    200320
  ],