{
  "battle_won_mean": [
    0.0,
    0.0,
    0.0,
    0.0,
    0.0,
    0.0,
    0.0,
    0.0,
    0.0,
    0.0,
    0.0,
    0.0,
    0.0,
    0.0,
    0.0,
    0.0,
    0.0,
    0.0,
    0.0,
    0.0,
    0.0
  ],
  "battle_won_mean_T": [
    10,
    10010,
    20010,
    30010,
    40010,
    50010,
    60010,
    70010,
    80010,
    90010,
    100010,
    110010,
    120010,
    130010,
    140010,
    150010,
    160010,
    170010,
    180010,
    190010,
    200010
  ],
  "ep_length_mean": [
    10.0,
    10.0,
    10.0,
    10.0,
    10.0,
    10.0,
    10.0,
    10.0,
    10.0,
    10.0,
    10.0,
    10.0,
    10.0,
    10.0,
    10.0,
    10.0,
    10.0,
    10.0,
    10.0,
    10.0,
    10.0
  ],
  "ep_length_mean_T": [
    10,
    10010,
    20010,
    30010,
    40010,
    50010,
    60010,
    70010,
    80010,
    90010,
    100010,
    110010,
    120010,
    130010,
    140010,
    150010,
    160010,
    170010,
    180010,
    190010,
    200010
  ],
  "episode": [
    1000,
    2000,
    3000,
    4000,
    5000,
    6000,
    7000,
    8000,
    9000,
    10000,
    11000,
    12000,
    13000,
    14000,
    15000,
    16000,
    17000,
    18000,
    19000,
    20000
  ],
  "episode_T": [
    10000,
    20000,
    30000,
    40000,
    50000,
    60000,
    70000,
    80000,
    90000,
    100000,
    110000,
    120000,
    130000,
    140000,
    150000,
    160000,
    170000,
    180000,
    190000,
    200000
  ],
  "epsilon": [
    1.0,
    0.81,
    0.6200000000000001,
    0.43000000000000005,
    0.2400000000000001,
    0.050000000000000155,
    0.05,
    0.05,
    0.05,
    0.05,
    0.05,
    0.05,
    0.05,
    0.05,
    0.05,
    0.05,
    0.05,
    0.05,
    0.05,
    0.05,
    0.05
  ],
  "epsilon_T": [
    10,
    10010,
    20010,
    30010,
    40010,
    50010,
    60010,
    70010,
    80010,
    90010,
    100010,
    110010,
    120010,
    130010,
    140010,
    150010,
    160010,
    170010,
    180010,
    190010,
    200010
  ],
  "grad_norm": [
    396.37640380859375,
    60.47923278808594,
    20.46129608154297,
    52.063720703125,
    39.12101745605469,
    47.092742919921875,
    40.48642349243164,
    67.68755340576172,
    92.46172332763672,
    32.42387008666992,
    95.24577331542969,
    70.4877700805664,
    64.41871643066406,
    28.424922943115234,
    45.04922866821289,
    40.32485580444336,
    48.532958984375,
    50.60120391845703,
    33.07478332519531,
    33.736331939697266,
    49.11532974243164
  ],
  "grad_norm_T": [
    320,
    10320,
    20320,
    30320,
    40320,
    50320,
    60320,
    70320,
    80320,
    90320,
    100320,
    110320,
    120320,
    130320,
    140320,
    150320,
    160320,
    170320,
    180320,
    190320,
    200320
  ],
  "loss": [
    143.16749572753906,
    1.1971461772918701,
    0.7003575563430786,
    4.100872039794922,
    3.1269707679748535,
    2.208355665206909,
    1.7550268173217773,
    2.0239062309265137,
    1.5466951131820679,
    0.7682571411132812,
    1.0857902765274048,
    1.1321231126785278,
    0.9741972088813782,
    0.7807846665382385,
    1.2018146514892578,
    0.9451001882553101,
    0.7736995816230774,
    0.7225965261459351,
    0.7429659962654114,
    0.9615162014961243,
    0.8077438473701477
  ],
  "loss_T": [
    320,
    10320,
    20320,
    30320,
    40320,
    50320,
    60320,
    70320,
    80320,
    90320,
    100320,
    110320,
    120320,
    130320,
    140320,
    150320,
    160320,
    170320,
    180320,
    190320,
    200320
  ],
  "q_taken_mean": [
    -0.0074782911936442055,
    -0.10154148737589518,
    -0.03230783780415853,
    -0.01472617785135905,
    -0.0015635928511619568,
    -0.008485639095306396,
    0.006452463467915853,
    0.01438262939453125,
    0.020168282190958658,
    0.01669680118560791,
    0.010412248770395914,
    0.004870965480804444,
    0.004188937743504842,
    -0.0008464574813842774,
    -0.008270095189412435,
    -0.005780776739120483,
    -0.007191313107808431,
    -0.00947458267211914,
    -0.009741480350494386,
    -0.010439546108245849,
    -0.01089136282602946
  ],
  "q_taken_mean_T": [
    320,
    10320,
    20320,
    30320,
    40320,
    50320,
    60320,
    70320,
    80320,
    90320,
    100320,
    110320,
    120320,
    130320,
    140320,
    150320,
    160320,
    170320,
    180320,
    190320,
    200320
  ],
  "return_mean": [
    -109.0,
    -107.911,
    -85.74,
    -58.4845,
    -30.3625,
    -4.1505,
    12.3205,
    13.834,
    15.498,
    17.8345,
    19.413,
    19.4555,
    19.664,
    19.437,
    19.4675,
    19.3965,
    19.626,
    19.2885,
    19.4715,
    19.4915,
    19.3155
  ],
  "return_mean_T": [
    10,
    10010,
    20010,
    30010,
    40010,
    50010,
    60010,
    70010,
    80010,
    90010,
    100010,
    110010,
    120010,
    130010,
    140010,
    150010,
    160010,
    170010,
    180010,
    190010,
    200010
  ],
  "return_std": [
    0.0,
    8.718892074111253,
    8.786944861554556,
    12.05095472358933,
    10.178695581949585,
    9.746696863553312,
    4.939689236176704,
    4.803274299891689,
    4.8547910356677555,
    4.976229471196038,
    4.87636452698114,
    4.996875999061814,
    4.839690485971184,
    5.089944105783481,
    4.836909524686192,
    4.919810743311169,
    4.674090713711064,
    4.893466843660025,
    4.963158042013169,
    4.915961528531321,
    4.95294960099535
  ],
  "return_std_T": [
    10,
    10010,
    20010,
    30010,
    40010,
    50010,
    60010,
    70010,
    80010,
    90010,
    100010,
    110010,
    120010,
    130010,
    140010,
    150010,
    160010,
    170010,
    180010,
    190010,
    200010
  ],
  "scaned_mean": [
    5.0,
    1.204,
    0.749,
    4.248,
    6.764,
    8.329,
    12.637,
    14.723,
    16.962,
    19.639,
    21.009,
    21.199,
    21.314,
    21.3,
    21.277,
    21.28,
    21.389,
    21.249,
    21.242,
    21.402,
    21.305
  ],
  "scaned_mean_T": [
    10,
    10010,
    20010,
    30010,
    40010,
    50010,
    60010,
    70010,
    80010,
    90010,
    100010,
    110010,
    120010,
    130010,
    140010,
    150010,
    160010,
    170010,
    180010,
    190010,
    200010
  ],
  "target_mean": [
    -0.73566650390625,
    -0.876280517578125,
    -0.510946299235026,
    -0.12704696655273437,
    -0.03620187759399414,
    0.08007237752278645,
    0.25161529541015626,
    0.48803115844726563,
    0.6241111755371094,
    0.6795950317382813,
    0.7662736002604167,
    0.8246431986490885,
    0.9033401489257813,
    0.9122275797526042,
    0.8983742268880208,
    0.9559309895833333,
    0.9352988688151042,
    0.9339627075195313,
    0.9049472045898438,
    0.9059811401367187,
    0.910419921875
  ],
  "target_mean_T": [
    320,
    10320,
    20320,
    30320,
    40320,
    50320,
    60320,
    70320,
    80320,
    90320,
    100320,
    110320,
    120320,
    130320,
    140320,
    150320,
    160320,
    170320,
    180320,
    190320,
    200320
  ],
  "td_error_abs": [
    11.818511962890625,
    0.6125588893890381,
    0.6539831161499023,
    1.594637107849121,
    1.3793262481689452,
    1.144022560119629,
    1.0495725631713868,
    1.1475349426269532,
    0.9693803787231445,
    0.6954813480377198,
    0.8241132736206055,
    0.8222164154052735,
    0.7713588237762451,
    0.6916707038879395,
    0.878260612487793,
    0.7618166923522949,
    0.6859076976776123,
    0.6589656829833984,
    0.6689640045166015,
    0.7672742366790771,
    0.7033618927001953
  ],
  "td_error_abs_T": [
    320,
    10320,
    20320,
    30320,
    40320,
    50320,
    60320,
    70320,
    80320,
    90320,
    100320,
    110320,
    120320,
    130320,
    140320,
    150320,
    160320,
    170320,
    180320,
    190320,
    200320
  ],