{
  "battle_won_mean": [
    0.0,
    0.0,
    0.0,
    0.0,
    0.0,
    0.0,
    0.0,
    0.0,
    0.0,
    0.0,
    0.0,
    0.0,
    0.0,
    0.0,
    0.0,
    0.0,
    0.0,
    0.0,
    0.0,
    0.0,
    0.0
  ],
  "battle_won_mean_T": [
    10,
    10010,
    20010,
    30010,
    40010,
    50010,
    60010,
    70010,
    80010,
    90010,
    100010,
    110010,
    120010,
    130010,
    140010,
    150010,
    160010,
    170010,
    180010,
    190010,
    200010
  ],
  "ep_length_mean": [
    10.0,
    10.0,
    10.0,
    10.0,
    10.0,
    10.0,
    10.0,
    10.0,
    10.0,
    10.0,
    10.0,
    10.0,
    10.0,
    10.0,
    10.0,
    10.0,
    10.0,
    10.0,
    10.0,
    10.0,
    10.0
  ],
  "ep_length_mean_T": [
    10,
    10010,
    20010,
    30010,
    40010,
    50010,
    60010,
    70010,
    80010,
    90010,
    100010,
    110010,
    120010,
    130010,
    140010,
    150010,
    160010,
    170010,
    180010,
    190010,
    200010
  ],
  "episode": [
    1000,
    2000,
    3000,
    4000,
    5000,
    6000,
    7000,
    8000,
    9000,
    10000,
    11000,
    12000,
    13000,
    14000,
    15000,
    16000,
    17000,
    18000,
    19000,
    20000
  ],
  "episode_T": [
    10000,
    20000,
    30000,
    40000,
    50000,
    60000,
    70000,
    80000,
    90000,
    100000,
    110000,
    120000,
    130000,
    140000,
    150000,
    160000,
    170000,
    180000,
    190000,
    200000
  ],
  "epsilon": [
    1.0,
    0.81,
    0.6200000000000001,
    0.43000000000000005,
    0.2400000000000001,
    0.050000000000000155,
    0.05,
    0.05,
    0.05,
    0.05,
    0.05,
    0.05,
    0.05,
    0.05,
    0.05,
    0.05,
    0.05,
    0.05,
    0.05,
    0.05,
    0.05
  ],
  "epsilon_T": [
    10,
    10010,
    20010,
    30010,
    40010,
    50010,
    60010,
    70010,
    80010,
    90010,
    100010,
    110010,
    120010,
    130010,
    140010,
    150010,
    160010,
    170010,
    180010,
    190010,
    200010
  ],
  "grad_norm": [
    462.2807922363281,
    20.460046768188477,
    47.44308090209961,
    16.62569808959961,
    25.424148559570312,
    25.486894607543945,
    50.169647216796875,
    26.068824768066406,
    22.318777084350586,
    40.156436920166016,
    39.228057861328125,
    36.16747283935547,
    39.056819915771484,
    23.173784255981445,
    35.1261100769043,
    26.48754119873047,
    32.9114875793457,
    37.288143157958984,
    17.429603576660156,
    31.260122299194336,
    23.586933135986328
  ],
  "grad_norm_T": [
    320,
    10320,
    20320,
    30320,
    40320,
    50320,
    60320,
    70320,
    80320,
    90320,
    100320,
    110320,
    120320,
    130320,
    140320,
    150320,
    160320,
    170320,
    180320,
    190320,
    200320
  ],
  "loss": [
    144.4474639892578,
    1.0789940357208252,
    2.9136853218078613,
    3.5337777137756348,
    3.1454129219055176,
    2.609428882598877,
    2.1658554077148438,
    1.7146698236465454,
    1.703884482383728,
    1.6206401586532593,
    1.3502269983291626,
    1.322385549545288,
    1.197143316268921,
    1.2308619022369385,
    1.1575504541397095,
    1.0886179208755493,
    1.072224736213684,
    1.0781688690185547,
    1.3800311088562012,
    1.174630880355835,
    1.2785097360610962
  ],
  "loss_T": [
    320,
    10320,
    20320,
    30320,
    40320,
    50320,
    60320,
    70320,
    80320,
    90320,
    100320,
    110320,
    120320,
    130320,
    140320,
    150320,
    160320,
    170320,
    180320,
    190320,
    200320
  ],
  "q_taken_mean": [
    0.0007017616430918376,
    -0.08035776138305664,
    -0.037047080993652344,
    -0.02550638516743978,
    -0.0003064394493897756,
    0.002629096508026123,
    0.0231276003519694,
    0.026273476282755535,
    0.02894282658894857,
    0.030883735020955403,
    0.04025876998901367,
    0.03990288098653157,
    0.04002447128295898,
    0.038144620259602864,
    0.03652610143025716,
    0.038143097559611004,
    0.034347152709960936,
    0.03376366297403972,
    0.03650118827819824,
    0.03366901397705078,
    0.03041898727416992
  ],
  "q_taken_mean_T": [
    320,
    10320,
    20320,
    30320,
    40320,
    50320,
    60320,
    70320,
    80320,
    90320,
    100320,
    110320,
    120320,
    130320,
    140320,
    150320,
    160320,
    170320,
    180320,
    190320,
    200320
  ],
  "return_mean": [
    -118.0,
    -107.762,
    -85.421,
    -59.0985,
    -30.6965,
    -5.352,
    7.3595,
    7.2965,
    7.7665,
    11.2705,
    15.3405,
    16.052,
    16.021,
    16.299,
    16.2385,
    15.9615,
    16.12,
    15.985,
    16.082,
    16.21,
    16.385
  ],
  "return_mean_T": [
    10,
    10010,
    20010,
    30010,
    40010,
    50010,
    60010,
    70010,
    80010,
    90010,
    100010,
    110010,
    120010,
    130010,
    140010,
    150010,
    160010,
    170010,
    180010,
    190010,
    200010
  ],
  "return_std": [
    0.0,
    8.541683440633937,
    9.443212324204088,
    10.71396508067858,
    10.236094848622692,
    9.322263459053278,
    4.708291595685212,
    4.741237997612016,
    4.754863589000214,
    5.263609004285938,
    4.873993203729361,
    5.043093891650243,
    4.825044973883664,
    4.948393577717924,
    4.7794735850300505,
    5.017994395174231,
    4.855780060917092,
    4.7527649847220514,
    4.993323141956667,
    5.003238950919695,
    5.0489380071456615
  ],
  "return_std_T": [
    10,
    10010,
    20010,
    30010,
    40010,
    50010,
    60010,
    70010,
    80010,
    90010,
    100010,
    110010,
    120010,
    130010,
    140010,
    150010,
    160010,
    170010,
    180010,
    190010,
    200010
  ],
  "scaned_mean": [
    0.0,
    1.156,
    1.307,
    4.654,
    6.71,
    7.068,
    7.312,
    7.293,
    8.292,
    12.528,
    16.553,
    17.621,
    17.662,
    17.928,
    17.952,
    17.785,
    17.883,
    17.801,
    17.818,
    17.824,
    18.061
  ],
  "scaned_mean_T": [
    10,
    10010,
    20010,
    30010,
    40010,
    50010,
    60010,
    70010,
    80010,
    90010,
    100010,
    110010,
    120010,
    130010,
    140010,
    150010,
    160010,
    170010,
    180010,
    190010,
    200010
  ],
  "target_mean": [
    -0.7797211710611979,
    -0.5580156962076823,
    -0.5714705403645833,
    -0.34393651326497393,
    -0.059747562408447266,
    -0.014838016827901205,
    0.2271606190999349,
    0.3030944315592448,
    0.4081799825032552,
    0.5140363566080729,
    0.6494784037272135,
    0.6558702596028646,
    0.7055259195963541,
    0.715062001546224,
    0.7332767740885416,
    0.7699478658040365,
    0.7496775309244792,
    0.7521391296386719,
    0.753221689860026,
    0.7584180704752604,
    0.7609616597493489
  ],
  "target_mean_T": [
    320,
    10320,
    20320,
    30320,
    40320,
    50320,
    60320,
    70320,
    80320,
    90320,
    100320,
    110320,
    120320,
    130320,
    140320,
    150320,
    160320,
    170320,
    180320,
    190320,
    200320
  ],
  "td_error_abs": [
    11.877940368652343,
    0.6157049179077149,
    1.34234676361084,
    1.5252120971679688,
    1.3894800186157226,
    1.3398092269897461,
    1.208384132385254,
    1.0856069564819335,
    1.09840669631958,
    1.0130130767822265,
    0.9272576332092285,
    0.9111283302307129,
    0.8560428619384766,
    0.8755987167358399,
    0.8428107261657715,
    0.7847789764404297,
    0.8151300430297852,
    0.7944584369659424,
    0.9375358581542969,
    0.8490377426147461,
    0.889183235168457
  ],
  "td_error_abs_T": [
    320,
    10320,
    20320,
    30320,
    40320,
    50320,
    60320,
    70320,
    80320,
    90320,
    100320,
    110320,
    120320,
    130320,
    140320,
    150320,
    160320,
    170320,
    180320,
    190320,
    200320
  ],