{
  "battle_won_mean": [
    0.0,
    0.0,
    0.0,
    0.0,
    0.0,
    0.0,
    0.0,
    0.0,
    0.0,
    0.0,
    0.0,
    0.0,
    0.0,
    0.0,
    0.0,
    0.0,
    0.0,
    0.0,
    0.0,
    0.0,
    0.0
  ],
  "battle_won_mean_T": [
    10,
    10010,
    20010,
    30010,
    40010,
    50010,
    60010,
    70010,
    80010,
    90010,
    100010,
    110010,
    120010,
    130010,
    140010,
    150010,
    160010,
    170010,
    180010,
    190010,
    200010
  ],
  "ep_length_mean": [
    10.0,
    10.0,
    10.0,
    10.0,
    10.0,
    10.0,
    10.0,
    10.0,
    10.0,
    10.0,
    10.0,
    10.0,
    10.0,
    10.0,
    10.0,
    10.0,
    10.0,
    10.0,
    10.0,
    10.0,
    10.0
  ],
  "ep_length_mean_T": [
    10,
    10010,
    20010,
    30010,
    40010,
    50010,
    60010,
    70010,
    80010,
    90010,
    100010,
    110010,
    120010,
    130010,
    140010,
    150010,
    160010,
    170010,
    180010,
    190010,
    200010
  ],
  "episode": [
    1000,
    2000,
    3000,
    4000,
    5000,
    6000,
    7000,
    8000,
    9000,
    10000,
    11000,
    12000,
    13000,
    14000,
    15000,
    16000,
    17000,
    18000,
    19000,
    20000
  ],
  "episode_T": [
    10000,
    20000,
    30000,
    40000,
    50000,
    60000,
    70000,
    80000,
    90000,
    100000,
    110000,
    120000,
    130000,
    140000,
    150000,
    160000,
    170000,
    180000,
    190000,
    200000
  ],
  "epsilon": [
    1.0,
    0.81,
    0.6200000000000001,
    0.43000000000000005,
    0.2400000000000001,
    0.050000000000000155,
    0.05,
    0.05,
    0.05,
    0.05,
    0.05,
    0.05,
    0.05,
    0.05,
    0.05,
    0.05,
    0.05,
    0.05,
    0.05,
    0.05,
    0.05
  ],
  "epsilon_T": [
    10,
    10010,
    20010,
    30010,
    40010,
    50010,
    60010,
    70010,
    80010,
    90010,
    100010,
    110010,
    120010,
    130010,
    140010,
    150010,
    160010,
    170010,
    180010,
    190010,
    200010
  ],
  "grad_norm": [
    185.28494262695312,
    54.19077682495117,
    27.67183494567871,
    23.140262603759766,
    45.34761428833008,
    34.186309814453125,
    17.52060317993164,
    41.25419616699219,
    33.29540252685547,
    38.00931930541992,
    27.647924423217773,
    37.39786148071289,
    19.895902633666992,
    18.656551361083984,
    22.510211944580078,
    17.92933464050293,
    17.98564910888672,
    14.845343589782715,
    27.07502555847168,
    16.759485244750977,
    19.957090377807617
  ],
  "grad_norm_T": [
    320,
    10320,
    20320,
    30320,
    40320,
    50320,
    60320,
    70320,
    80320,
    90320,
    100320,
    110320,
    120320,
    130320,
    140320,
    150320,
    160320,
    170320,
    180320,
    190320,
    200320
  ],
  "loss": [
    139.24575805664062,
    1.8812663555145264,
    3.0196495056152344,
    4.855729579925537,
    3.059241533279419,
    2.346345901489258,
    1.609937310218811,
    1.3926036357879639,
    1.1419237852096558,
    1.331899642944336,
    0.928244948387146,
    1.246180534362793,
    1.0217761993408203,
    1.0333211421966553,
    0.9363640546798706,
    0.9970531463623047,
    1.103044867515564,
    1.1721307039260864,
    1.1947877407073975,
    1.3905545473098755,
    1.183337926864624
  ],
  "loss_T": [
    320,
    10320,
    20320,
    30320,
    40320,
    50320,
    60320,
    70320,
    80320,
    90320,
    100320,
    110320,
    120320,
    130320,
    140320,
    150320,
    160320,
    170320,
    180320,
    190320,
    200320
  ],
  "q_taken_mean": [
    0.00041639494399229687,
    -0.027039724985758462,
    -0.03661483446756999,
    -0.00854877233505249,
    0.00033038084705670675,
    -0.005896105766296387,
    0.01163126548131307,
    0.008484393755594889,
    0.006796237627665202,
    0.011822480360666911,
    0.005108932654062907,
    0.004609882036844889,
    0.0056823436419169105,
    0.0003819457193215688,
    -0.004307836691538493,
    -0.0016176305214564005,
    -0.0032280155022939047,
    -0.0030143930514653526,
    -0.0070072817802429195,
    -0.005931767622629801,
    -0.0042979999383290605
  ],
  "q_taken_mean_T": [
    320,
    10320,
    20320,
    30320,
    40320,
    50320,
    60320,
    70320,
    80320,
    90320,
    100320,
    110320,
    120320,
    130320,
    140320,
    150320,
    160320,
    170320,
    180320,
    190320,
    200320
  ],
  "return_mean": [
    -119.0,
    -107.6995,
    -85.4745,
    -57.0375,
    -29.773,
    -0.43,
    15.937,
    16.2795,
    16.6145,
    16.3875,
    16.369,
    16.316,
    16.2175,
    15.9995,
    16.2425,
    16.0705,
    16.091,
    16.3645,
    16.314,
    15.9845,
    16.158
  ],
  "return_mean_T": [
    10,
    10010,
    20010,
    30010,
    40010,
    50010,
    60010,
    70010,
    80010,
    90010,
    100010,
    110010,
    120010,
    130010,
    140010,
    150010,
    160010,
    170010,
    180010,
    190010,
    200010
  ],
  "return_std": [
    0.0,
    8.944716303494483,
    9.672388523524063,
    11.337916199637391,
    10.663698748558119,
    10.924975972513623,
    4.779595275752959,
    5.003311878146315,
    4.7234669205997415,
    4.9019479546400735,
    4.695725609530437,
    4.638549773366671,
    4.787582244724366,
    5.047449826397485,
    4.7737243060319265,
    4.88904691632224,
    4.8509503192673495,
    4.946957625652357,
    4.9718109376765325,
    4.924582190399506,
    4.817731416341098
  ],
  "return_std_T": [
    10,
    10010,
    20010,
    30010,
    40010,
    50010,
    60010,
    70010,
    80010,
    90010,
    100010,
    110010,
    120010,
    130010,
    140010,
    150010,
    160010,
    170010,
    180010,
    190010,
    200010
  ],
  "scaned_mean": [
    2.0,
    1.201,
    1.636,
    5.728,
    8.738,
    13.636,
    16.826,
    17.34,
    17.721,
    17.914,
    17.964,
    17.886,
    17.883,
    17.791,
    17.857,
    17.784,
    17.857,
    17.915,
    17.913,
    17.82,
    17.917
  ],
  "scaned_mean_T": [
    10,
    10010,
    20010,
    30010,
    40010,
    50010,
    60010,
    70010,
    80010,
    90010,
    100010,
    110010,
    120010,
    130010,
    140010,
    150010,
    160010,
    170010,
    180010,
    190010,
    200010
  ],
  "target_mean": [
    -0.7910971577962239,
    -0.17728045145670573,
    -0.4703406270345052,
    -0.0951791000366211,
    0.2517673746744792,
    0.22554949442545572,
    0.4962445068359375,
    0.5610007731119792,
    0.5839224243164063,
    0.7397395833333333,
    0.7462783813476562,
    0.7988036600748698,
    0.8237218221028646,
    0.7643230692545573,
    0.7472841389973959,
    0.7820308939615885,
    0.805560811360677,
    0.8288538614908855,
    0.8115518697102865,
    0.8127057902018229,
    0.8083463541666667
  ],
  "target_mean_T": [
    320,
    10320,
    20320,
    30320,
    40320,
    50320,
    60320,
    70320,
    80320,
    90320,
    100320,
    110320,
    120320,
    130320,
    140320,
    150320,
    160320,
    170320,
    180320,
    190320,
    200320
  ],
  "td_error_abs": [
    11.673786926269532,
    0.984523868560791,
    1.3473915100097655,
    1.7249927520751953,
    1.3486394882202148,
    1.1901413917541503,
    0.9888254165649414,
    0.9350951194763184,
    0.8317546844482422,
    0.9086626052856446,
    0.7583932876586914,
    0.856895923614502,
    0.7906682968139649,
    0.8004836082458496,
    0.7625035285949707,
    0.7710892677307128,
    0.8146822929382325,
    0.8649667739868164,
    0.852389907836914,
    0.8866233825683594,
    0.8829892158508301
  ],
  "td_error_abs_T": [
    320,
    10320,
    20320,
    30320,
    40320,
    50320,
    60320,
    70320,
    80320,
    90320,
    100320,
    110320,
    120320,
    130320,
    140320,
    150320,
    160320,
    170320,
    180320,
    190320,
    200320
  ],