{
  "battle_won_mean": [
    0.0,
    0.0,
    0.0,
    0.0,
    0.0,
    0.0,
    0.0,
    0.0,
    0.0,
    0.0,
    0.0,
    0.0,
    0.0,
    0.0,
    0.0,
    0.0,
    0.0,
    0.0,
    0.0,
    0.0,
    0.0
  ],
  "battle_won_mean_T": [
    10,
    10010,
    20010,
    30010,
    40010,
    50010,
    60010,
    70010,
    80010,
    90010,
    100010,
    110010,
    120010,
    130010,
    140010,
    150010,
    160010,
    170010,
    180010,
    190010,
    200010
  ],
  "ep_length_mean": [
    10.0,
    10.0,
    10.0,
    10.0,
    10.0,
    10.0,
    10.0,
    10.0,
    10.0,
    10.0,
    10.0,
    10.0,
    10.0,
    10.0,
    10.0,
    10.0,
    10.0,
    10.0,
    10.0,
    10.0,
    10.0
  ],
  "ep_length_mean_T": [
    10,
    10010,
    20010,
    30010,
    40010,
    50010,
    60010,
    70010,
    80010,
    90010,
    100010,
    110010,
    120010,
    130010,
    140010,
    150010,
    160010,
    170010,
    180010,
    190010,
    200010
  ],
  "episode": [
    1000,
    2000,
    3000,
    4000,
    5000,
    6000,
    7000,
    8000,
    9000,
    10000,
    11000,
    12000,
    13000,
    14000,
    15000,
    16000,
    17000,
    18000,
    19000,
    20000
  ],
  "episode_T": [
    10000,
    20000,
    30000,
    40000,
    50000,
    60000,
    70000,
    80000,
    90000,
    100000,
    110000,
    120000,
    130000,
    140000,
    150000,
    160000,
    170000,
    180000,
    190000,
    200000
  ],
  "epsilon": [
    1.0,
    0.81,
    0.6200000000000001,
    0.43000000000000005,
    0.2400000000000001,
    0.050000000000000155,
    0.05,
    0.05,
    0.05,
    0.05,
    0.05,
    0.05,
    0.05,
    0.05,
    0.05,
    0.05,
    0.05,
    0.05,
    0.05,
    0.05,
    0.05
  ],
  "epsilon_T": [
    10,
    10010,
    20010,
    30010,
    40010,
    50010,
    60010,
    70010,
    80010,
    90010,
    100010,
    110010,
    120010,
    130010,
    140010,
    150010,
    160010,
    170010,
    180010,
    190010,
    200010
  ],
  "grad_norm": [
    276.4512023925781,
    13.680472373962402,
    9.682881355285645,
    4.692525386810303,
    7.349852085113525,
    1.1722538471221924,
    7.440765857696533,
    7.871014595031738,
    5.542762279510498,
    2.724705457687378,
    5.094216346740723,
    2.068511724472046,
    1.50383722782135,
    2.5690433979034424,
    4.704339504241943,
    2.8444457054138184,
    3.9900095462799072,
    2.0980849266052246,
    3.5148415565490723,
    3.8028061389923096,
    4.167196750640869
  ],
  "grad_norm_T": [
    320,
    10320,
    20320,
    30320,
    40320,
    50320,
    60320,
    70320,
    80320,
    90320,
    100320,
    110320,
    120320,
    130320,
    140320,
    150320,
    160320,
    170320,
    180320,
    190320,
    200320
  ],
  "loss": [
    139.6596221923828,
    1.153008222579956,
    0.9719768762588501,
    0.7372794151306152,
    0.522462010383606,
    0.34070080518722534,
    0.15070858597755432,
    0.10104268789291382,
    0.025136345997452736,
    0.005518862046301365,
    0.013374598696827888,
    0.0026024244725704193,
    0.0030481284484267235,
    0.0038828246761113405,
    0.033322058618068695,
    0.004290253855288029,
    0.00865860003978014,
    0.0026064026169478893,
    0.006503164768218994,
    0.007486304733902216,
    0.009025770239531994
  ],
  "loss_T": [
    320,
    10320,
    20320,
    30320,
    40320,
    50320,
    60320,
    70320,
    80320,
    90320,
    100320,
    110320,
    120320,
    130320,
    140320,
    150320,
    160320,
    170320,
    180320,
    190320,
    200320
  ],
  "q_taken_mean": [
    -0.02350229263305664,
    -1.1274916585286459,
    -0.76703369140625,
    -0.5815208943684896,
    -0.5334984842936198,
    -0.43688262939453126,
    -0.26817591349283854,
    -0.15493900299072266,
    -0.14340527852376303,
    -0.07143916447957356,
    -0.06352171579996745,
    -0.06895703633626302,
    -0.06037026723225911,
    -0.05143343289693197,
    -0.06242652893066406,
    -0.06304559707641602,
    -0.0543569819132487,
    -0.05079301516215007,
    -0.07292149225870768,
    -0.06803667704264323,
    -0.06299869537353515
  ],
  "q_taken_mean_T": [
    320,
    10320,
    20320,
    30320,
    40320,
    50320,
    60320,
    70320,
    80320,
    90320,
    100320,
    110320,
    120320,
    130320,
    140320,
    150320,
    160320,
    170320,
    180320,
    190320,
    200320
  ],
  "return_mean": [
    -115.0,
    -108.0825,
    -85.757,
    -63.4575,
    -40.704,
    -17.634,
    -6.228,
    -6.087,
    -6.132,
    -6.146,
    -6.125,
    -6.087,
    -6.135,
    -6.041,
    -6.206,
    -6.318,
    -6.184,
    -6.133,
    -6.209,
    -6.117,
    -6.298
  ],
  "return_mean_T": [
    10,
    10010,
    20010,
    30010,
    40010,
    50010,
    60010,
    70010,
    80010,
    90010,
    100010,
    110010,
    120010,
    130010,
    140010,
    150010,
    160010,
    170010,
    180010,
    190010,
    200010
  ],
  "return_std": [
    0.0,
    8.525693153638594,
    8.830710673552838,
    9.18585563515996,
    8.644037482565656,
    7.526755210580453,
    2.3841174467714463,
    2.3911150118720763,
    2.4884886979851846,
    2.41550905607907,
    2.3713656403009638,
    2.4019639880730934,
    2.427091881243889,
    2.3785119297577633,
    2.3944861661742793,
    2.4378014685367635,
    2.3664623385974264,
    2.4704880084712006,
    2.4040214225335013,
    2.518593059626743,
    2.4862011181720596
  ],
  "return_std_T": [
    10,
    10010,
    20010,
    30010,
    40010,
    50010,
    60010,
    70010,
    80010,
    90010,
    100010,
    110010,
    120010,
    130010,
    140010,
    150010,
    160010,
    170010,
    180010,
    190010,
    200010
  ],
  "scaned_mean": [
    2.0,
    1.191,
    0.83,
    0.418,
    0.189,
    0.043,
    0.0,
    0.005,
    0.004,
    0.003,
    0.003,
    0.002,
    0.007,
    0.002,
    0.006,
    0.003,
    0.004,
    0.0,
    0.002,
    0.007,
    0.004
  ],
  "scaned_mean_T": [
    10,
    10010,
    20010,
    30010,
    40010,
    50010,
    60010,
    70010,
    80010,
    90010,
    100010,
    110010,
    120010,
    130010,
    140010,
    150010,
    160010,
    170010,
    180010,
    190010,
    200010
  ],
  "target_mean": [
    -0.8018046061197917,
    -1.111248982747396,
    -0.7538160705566406,
    -0.5745860290527344,
    -0.5225938415527344,
    -0.43830032348632814,
    -0.27926233927408856,
    -0.1664865239461263,
    -0.1353716532389323,
    -0.06747638702392578,
    -0.056116803487141924,
    -0.06595358530680338,
    -0.05815382639567057,
    -0.04762383143107096,
    -0.0554328727722168,
    -0.05884172439575195,
    -0.04839990297953288,
    -0.047635374069213865,
    -0.06767789204915364,
    -0.06235986073811849,
    -0.056754201253255206
  ],
  "target_mean_T": [
    320,
    10320,
    20320,
    30320,
    40320,
    50320,
    60320,
    70320,
    80320,
    90320,
    100320,
    110320,
    120320,
    130320,
    140320,
    150320,
    160320,
    170320,
    180320,
    190320,
    200320
  ],
  "td_error_abs": [
    11.67453384399414,
    0.5556601524353028,
    0.4962130546569824,
    0.41873865127563475,
    0.3799422025680542,
    0.3352681875228882,
    0.24509596824645996,
    0.2207634449005127,
    0.14549319744110106,
    0.06846829652786254,
    0.11111174821853638,
    0.047858089208602905,
    0.0477402001619339,
    0.05767267942428589,
    0.10708189010620117,
    0.06363979578018189,
    0.09021618962287903,
    0.0482482373714447,
    0.07907081842422485,
    0.08522725105285645,
    0.093801611661911
  ],
  "td_error_abs_T": [
    320,
    10320,
    20320,
    30320,
    40320,
    50320,
    60320,
    70320,
    80320,
    90320,
    100320,
    110320,
    120320,
    130320,
    140320,
    150320,
    160320,
    170320,
    180320,
    190320,
    200320
  ],