{
  "battle_won_mean": [
    0.0,
    0.0,
    0.0,
    0.0,
    0.0,
    0.0,
    0.0,
    0.0,
    0.0,
    0.0,
    0.0,
    0.0,
    0.0,
    0.0,
    0.0,
    0.0,
    0.0,
    0.0,
    0.0,
    0.0,
    0.0
  ],
  "battle_won_mean_T": [
    10,
    10010,
    20010,
    30010,
    40010,
    50010,
    60010,
    70010,
    80010,
    90010,
    100010,
    110010,
    120010,
    130010,
    140010,
    150010,
    160010,
    170010,
    180010,
    190010,
    200010
  ],
  "ep_length_mean": [
    10.0,
    10.0,
    10.0,
    10.0,
    10.0,
    10.0,
    10.0,
    10.0,
    10.0,
    10.0,
    10.0,
    10.0,
    10.0,
    10.0,
    10.0,
    10.0,
    10.0,
    10.0,
    10.0,
    10.0,
    10.0
  ],
  "ep_length_mean_T": [
    10,
    10010,
    20010,
    30010,
    40010,
    50010,
    60010,
    70010,
    80010,
    90010,
    100010,
    110010,
    120010,
    130010,
    140010,
    150010,
    160010,
    170010,
    180010,
    190010,
    200010
  ],
  "episode": [
    1000,
    2000,
    3000,
    4000,
    5000,
    6000,
    7000,
    8000,
    9000,
    10000,
    11000,
    12000,
    13000,
    14000,
    15000,
    16000,
    17000,
    18000,
    19000,
    20000
  ],
  "episode_T": [
    10000,
    20000,
    30000,
    40000,
    50000,
    60000,
    70000,
    80000,
    90000,
    100000,
    110000,
    120000,
    130000,
    140000,
    150000,
    160000,
    170000,
    180000,
    190000,
    200000
  ],
  "epsilon": [
    1.0,
    0.81,
    0.6200000000000001,
    0.43000000000000005,
    0.2400000000000001,
    0.050000000000000155,
    0.05,
    0.05,
    0.05,
    0.05,
    0.05,
    0.05,
    0.05,
    0.05,
    0.05,
    0.05,
    0.05,
    0.05,
    0.05,
    0.05,
    0.05
  ],
  "epsilon_T": [
    10,
    10010,
    20010,
    30010,
    40010,
    50010,
    60010,
    70010,
    80010,
    90010,
    100010,
    110010,
    120010,
    130010,
    140010,
    150010,
    160010,
    170010,
    180010,
    190010,
    200010
  ],
  "grad_norm": [
    296.8880615234375,
    76.34591674804688,
    33.87657165527344,
    54.3706169128418,
    81.31664276123047,
    28.522424697875977,
    31.149681091308594,
    54.99208068847656,
    79.41777038574219,
    50.051124572753906,
    76.60675048828125,
    56.90721893310547,
    46.1375617980957,
    21.15806007385254,
    46.72100067138672,
    21.721513748168945,
    60.174171447753906,
    53.90160369873047,
    54.97854995727539,
    44.59267807006836,
    42.04593276977539
  ],
  "grad_norm_T": [
    320,
    10320,
    20320,
    30320,
    40320,
    50320,
    60320,
    70320,
    80320,
    90320,
    100320,
    110320,
    120320,
    130320,
    140320,
    150320,
    160320,
    170320,
    180320,
    190320,
    200320
  ],
  "loss": [
    141.77685546875,
    1.5249139070510864,
    0.8541372418403625,
    3.6484596729278564,
    3.5818965435028076,
    1.7150516510009766,
    1.3078352212905884,
    1.7228952646255493,
    1.1303632259368896,
    1.0920274257659912,
    1.2596681118011475,
    1.156793236732483,
    1.1724313497543335,
    1.0168899297714233,
    1.129339575767517,
    1.0552927255630493,
    1.088882327079773,
    1.0281293392181396,
    1.2390773296356201,
    1.0989999771118164,
    0.9194308519363403
  ],
  "loss_T": [
    320,
    10320,
    20320,
    30320,
    40320,
    50320,
    60320,
    70320,
    80320,
    90320,
    100320,
    110320,
    120320,
    130320,
    140320,
    150320,
    160320,
    170320,
    180320,
    190320,
    200320
  ],
  "q_taken_mean": [
    0.0038804952303568524,
    -0.1440635935465495,
    -0.07363262812296549,
    0.01173231601715088,
    -0.034654369354248045,
    0.0005787140627702077,
    -0.004208454291025798,
    0.022329471906026205,
    0.015139366785685221,
    0.016454537709554035,
    0.0066169218222300215,
    0.005504246552785238,
    0.0019841126600901285,
    -0.0015010507901509604,
    -0.005166181723276774,
    -0.0021298875411351523,
    -0.0039329091707865395,
    -0.0017065125703811645,
    -0.004311754703521729,
    -0.0037633347511291503,
    -0.010554533004760742
  ],
  "q_taken_mean_T": [
    320,
    10320,
    20320,
    30320,
    40320,
    50320,
    60320,
    70320,
    80320,
    90320,
    100320,
    110320,
    120320,
    130320,
    140320,
    150320,
    160320,
    170320,
    180320,
    190320,
    200320
  ],
  "return_mean": [
    -117.0,
    -107.8,
    -85.8505,
    -57.9655,
    -30.111,
    -1.5405,
    15.7,
    16.2725,
    16.4945,
    16.4125,
    16.436,
    16.454,
    16.26,
    16.342,
    16.3045,
    16.573,
    16.5625,
    16.3335,
    16.2765,
    16.2875,
    16.19
  ],
  "return_mean_T": [
    10,
    10010,
    20010,
    30010,
    40010,
    50010,
    60010,
    70010,
    80010,
    90010,
    100010,
    110010,
    120010,
    130010,
    140010,
    150010,
    160010,
    170010,
    180010,
    190010,
    200010
  ],
  "return_std": [
    0.0,
    8.66319802382469,
    8.753250810413238,
    11.752257644810209,
    10.664575894052234,
    10.788702876157078,
    4.829440961436427,
    4.905455508920655,
    4.7603276935522,
    4.930374605443282,
    4.707590041624271,
    5.0728082952147915,
    4.956752969434729,
    4.924737150346199,
    4.91574305166574,
    4.877926916221686,
    4.960276579990273,
    4.812226901342039,
    4.955733825580224,
    4.802821436405897,
    4.80639157788876
  ],
  "return_std_T": [
    10,
    10010,
    20010,
    30010,
    40010,
    50010,
    60010,
    70010,
    80010,
    90010,
    100010,
    110010,
    120010,
    130010,
    140010,
    150010,
    160010,
    170010,
    180010,
    190010,
    200010
  ],
  "scaned_mean": [
    1.0,
    1.266,
    0.75,
    4.665,
    7.282,
    12.276,
    16.471,
    17.112,
    17.693,
    17.854,
    17.936,
    18.169,
    17.966,
    18.049,
    17.996,
    18.05,
    18.017,
    17.943,
    17.958,
    17.958,
    18.062
  ],
  "scaned_mean_T": [
    10,
    10010,
    20010,
    30010,
    40010,
    50010,
    60010,
    70010,
    80010,
    90010,
    100010,
    110010,
    120010,
    130010,
    140010,
    150010,
    160010,
    170010,
    180010,
    190010,
    200010
  ],
  "target_mean": [
    -0.7759139506022136,
    -0.8333426920572916,
    -0.6998023478190104,
    0.08942067464192709,
    -0.050866349538167314,
    0.09373308817545573,
    0.21310040791829427,
    0.5736956787109375,
    0.6435001118977864,
    0.7618997701009115,
    0.7366716003417969,
    0.7964825439453125,
    0.8114586385091146,
    0.8022699483235677,
    0.8063796997070313,
    0.827989501953125,
    0.8130064900716146,
    0.8260543823242188,
    0.8421477254231771,
    0.8384207153320312,
    0.8106660461425781
  ],
  "target_mean_T": [
    320,
    10320,
    20320,
    30320,
    40320,
    50320,
    60320,
    70320,
    80320,
    90320,
    100320,
    110320,
    120320,
    130320,
    140320,
    150320,
    160320,
    170320,
    180320,
    190320,
    200320
  ],
  "td_error_abs": [
    11.780809020996093,
    0.772977876663208,
    0.6663100242614746,
    1.5023324012756347,
    1.4380380630493164,
    1.049689483642578,
    0.9201907157897949,
    1.0486669540405273,
    0.8312936782836914,
    0.821014404296875,
    0.8869185447692871,
    0.8392088890075684,
    0.8590640068054199,
    0.780621337890625,
    0.8452073097229004,
    0.8168810844421387,
    0.8250568389892579,
    0.809664249420166,
    0.872123908996582,
    0.8717042922973632,
    0.7451359748840332
  ],
  "td_error_abs_T": [
    320,
    10320,
    20320,
    30320,
    40320,
    50320,
    60320,
    70320,
    80320,
    90320,
    100320,
    110320,
    120320,
    130320,
    140320,
    150320,
    160320,
    170320,
    180320,
    190320,
    200320
  ],