{
  "battle_won_mean": [
    0.0,
    0.0,
    0.0,
    0.0,
    0.0,
    0.0,
    0.0,
    0.0,
    0.0,
    0.0,
    0.0,
    0.0,
    0.0,
    0.0,
    0.0,
    0.0,
    0.0,
    0.0,
    0.0,
    0.0,
    0.0
  ],
  "battle_won_mean_T": [
    10,
    10010,
    20010,
    30010,
    40010,
    50010,
    60010,
    70010,
    80010,
    90010,
    100010,
    110010,
    120010,
    130010,
    140010,
    150010,
    160010,
    170010,
    180010,
    190010,
    200010
  ],
  "ep_length_mean": [
    10.0,
    10.0,
    10.0,
    10.0,
    10.0,
    10.0,
    10.0,
    10.0,
    10.0,
    10.0,
    10.0,
    10.0,
    10.0,
    10.0,
    10.0,
    10.0,
    10.0,
    10.0,
    10.0,
    10.0,
    10.0
  ],
  "ep_length_mean_T": [
    10,
    10010,
    20010,
    30010,
    40010,
    50010,
    60010,
    70010,
    80010,
    90010,
    100010,
    110010,
    120010,
    130010,
    140010,
    150010,
    160010,
    170010,
    180010,
    190010,
    200010
  ],
  "episode": [
    1000,
    2000,
    3000,
    4000,
    5000,
    6000,
    7000,
    8000,
    9000,
    10000,
    11000,
    12000,
    13000,
    14000,
    15000,
    16000,
    17000,
    18000,
    19000,
    20000
  ],
  "episode_T": [
    10000,
    20000,
    30000,
    40000,
    50000,
    60000,
    70000,
    80000,
    90000,
    100000,
    110000,
    120000,
    130000,
    140000,
    150000,
    160000,
    170000,
    180000,
    190000,
    200000
  ],
  "epsilon": [
    1.0,
    0.81,
    0.6200000000000001,
    0.43000000000000005,
    0.2400000000000001,
    0.050000000000000155,
    0.05,
    0.05,
    0.05,
    0.05,
    0.05,
    0.05,
    0.05,
    0.05,
    0.05,
    0.05,
    0.05,
    0.05,
    0.05,
    0.05,
    0.05
  ],
  "epsilon_T": [
    10,
    10010,
    20010,
    30010,
    40010,
    50010,
    60010,
    70010,
    80010,
    90010,
    100010,
    110010,
    120010,
    130010,
    140010,
    150010,
    160010,
    170010,
    180010,
    190010,
    200010
  ],
  "grad_norm": [
    203.70921325683594,
    8.426178932189941,
    9.572915077209473,
    5.738839626312256,
    4.81033992767334,
    2.220170259475708,
    14.08796501159668,
    12.19267749786377,
    12.159517288208008,
    4.365964889526367,
    3.0657238960266113,
    3.879246473312378,
    2.6381235122680664,
    1.4533488750457764,
    2.713376998901367,
    2.7307887077331543,
    1.3359161615371704,
    1.0281130075454712,
    2.534008264541626,
    1.2784955501556396,
    4.7933669090271
  ],
  "grad_norm_T": [
    320,
    10320,
    20320,
    30320,
    40320,
    50320,
    60320,
    70320,
    80320,
    90320,
    100320,
    110320,
    120320,
    130320,
    140320,
    150320,
    160320,
    170320,
    180320,
    190320,
    200320
  ],
  "loss": [
    138.13485717773438,
    1.4476813077926636,
    0.8489910960197449,
    0.4169221818447113,
    0.33148643374443054,
    0.9895784258842468,
    1.5686415433883667,
    1.9816348552703857,
    1.7099946737289429,
    1.8165791034698486,
    1.5756070613861084,
    1.483851671218872,
    1.470664381980896,
    1.231487512588501,
    1.6887733936309814,
    1.5143184661865234,
    1.2960844039916992,
    1.3119816780090332,
    1.407832384109497,
    1.3427386283874512,
    1.7308120727539062
  ],
  "loss_T": [
    320,
    10320,
    20320,
    30320,
    40320,
    50320,
    60320,
    70320,
    80320,
    90320,
    100320,
    110320,
    120320,
    130320,
    140320,
    150320,
    160320,
    170320,
    180320,
    190320,
    200320
  ],
  "q_taken_mean": [
    -0.03243349075317383,
    -0.9196881103515625,
    -0.7031055704752605,
    -0.5570519510904948,
    -0.46797938028971353,
    -0.4177272033691406,
    0.03668261210123698,
    0.2567649078369141,
    0.3548028055826823,
    0.3778235880533854,
    0.44300018310546874,
    0.43463633219401043,
    0.4433746337890625,
    0.4424421183268229,
    0.46447062174479165,
    0.45735692342122397,
    0.4607940673828125,
    0.44322174072265624,
    0.4456346130371094,
    0.43475250244140623,
    0.4393308512369792
  ],
  "q_taken_mean_T": [
    320,
    10320,
    20320,
    30320,
    40320,
    50320,
    60320,
    70320,
    80320,
    90320,
    100320,
    110320,
    120320,
    130320,
    140320,
    150320,
    160320,
    170320,
    180320,
    190320,
    200320
  ],
  "return_mean": [
    -135.0,
    -107.5045,
    -85.684,
    -63.3265,
    -40.7905,
    -15.8075,
    7.248,
    7.3665,
    7.5225,
    7.2515,
    7.505,
    7.0475,
    7.241,
    7.286,
    7.283,
    7.6665,
    7.375,
    7.303,
    7.576,
    7.0895,
    7.5055
  ],
  "return_mean_T": [
    10,
    10010,
    20010,
    30010,
    40010,
    50010,
    60010,
    70010,
    80010,
    90010,
    100010,
    110010,
    120010,
    130010,
    140010,
    150010,
    160010,
    170010,
    180010,
    190010,
    200010
  ],
  "return_std": [
    0.0,
    8.763688136281436,
    8.767904196556895,
    8.969958068463866,
    8.4795848807592,
    10.376328529398055,
    4.910345812669409,
    4.6218965533642145,
    4.6510475970473575,
    4.713809261096592,
    4.644564026902848,
    4.77378191269773,
    4.799679051770024,
    4.745334972370233,
    4.54284173177979,
    4.714342769676384,
    4.651115457607991,
    4.702466480475964,
    4.68056876885705,
    4.915510121035252,
    4.851568792669027
  ],
  "return_std_T": [
    10,
    10010,
    20010,
    30010,
    40010,
    50010,
    60010,
    70010,
    80010,
    90010,
    100010,
    110010,
    120010,
    130010,
    140010,
    150010,
    160010,
    170010,
    180010,
    190010,
    200010
  ],
  "scaned_mean": [
    0.0,
    1.244,
    0.795,
    0.434,
    0.186,
    1.194,
    7.327,
    7.299,
    7.387,
    7.258,
    7.338,
    7.213,
    7.284,
    7.293,
    7.305,
    7.436,
    7.333,
    7.252,
    7.473,
    7.195,
    7.368
  ],
  "scaned_mean_T": [
    10,
    10010,
    20010,
    30010,
    40010,
    50010,
    60010,
    70010,
    80010,
    90010,
    100010,
    110010,
    120010,
    130010,
    140010,
    150010,
    160010,
    170010,
    180010,
    190010,
    200010
  ],
  "target_mean": [
    -0.8065618896484374,
    -0.9085799153645834,
    -0.6891352335611979,
    -0.5658808390299479,
    -0.4607965087890625,
    -0.4149184926350911,
    0.011195665995279947,
    0.23408096313476562,
    0.3293997701009115,
    0.3883003743489583,
    0.451328125,
    0.4478052266438802,
    0.45198806762695315,
    0.44760650634765625,
    0.4755642700195313,
    0.4664806620279948,
    0.45657923380533855,
    0.4426734415690104,
    0.4350789388020833,
    0.43026407877604167,
    0.4575743611653646
  ],
  "target_mean_T": [
    320,
    10320,
    20320,
    30320,
    40320,
    50320,
    60320,
    70320,
    80320,
    90320,
    100320,
    110320,
    120320,
    130320,
    140320,
    150320,
    160320,
    170320,
    180320,
    190320,
    200320
  ],
  "td_error_abs": [
    11.61192626953125,
    0.667172908782959,
    0.48427443504333495,
    0.3821420669555664,
    0.34364542961120603,
    0.6779926776885986,
    1.0024044036865234,
    1.132857322692871,
    1.064737606048584,
    1.182219886779785,
    1.080746841430664,
    1.0535174369812013,
    1.0371904373168945,
    0.95699462890625,
    1.1009860992431642,
    1.0456388473510743,
    0.9436677932739258,
    0.9708850860595704,
    1.0076738357543946,
    1.0042791366577148,
    1.0964303970336915
  ],
  "td_error_abs_T": [
    320,
    10320,
    20320,
    30320,
    40320,
    50320,
    60320,
    70320,
    80320,
    90320,
    100320,
    110320,
    120320,
    130320,
    140320,
    150320,
    160320,
    170320,
    180320,
    190320,
    200320
  ],
  "test_battle_won_mean": [
    0.0,
    0.0,
    0.0,
    0.0,
    0.0,
    0.0,
    0.0,
    0.0,
    0.0,
    0.0,
    0.0,
    0.0,
    0.0,
    0.0,
    0.0,
    0.0,
    0.0,
    0.0,
    0.0,
    0.0,
    0.0
  ],