{
  "battle_won_mean": [
    0.0,
    0.0,
    0.0,
    0.0,
    0.0,
    0.0,
    0.0,
    0.0,
    0.0,
    0.0,
    0.0,
    0.0,
    0.0,
    0.0,
    0.0,
    0.0,
    0.0,
    0.0,
    0.0,
    0.0,
    0.0
  ],
  "battle_won_mean_T": [
    10,
    10010,
    20010,
    30010,
    40010,
    50010,
    60010,
    70010,
    80010,
    90010,
    100010,
    110010,
    120010,
    130010,
    140010,
    150010,
    160010,
    170010,
    180010,
    190010,
    200010
  ],
  "ep_length_mean": [
    10.0,
    10.0,
    10.0,
    10.0,
    10.0,
    10.0,
    10.0,
    10.0,
    10.0,
    10.0,
    10.0,
    10.0,
    10.0,
    10.0,
    10.0,
    10.0,
    10.0,
    10.0,
    10.0,
    10.0,
    10.0
  ],
  "ep_length_mean_T": [
    10,
    10010,
    20010,
    30010,
    40010,
    50010,
    60010,
    70010,
    80010,
    90010,
    100010,
    110010,
    120010,
    130010,
    140010,
    150010,
    160010,
    170010,
    180010,
    190010,
    200010
  ],
  "episode": [
    1000,
    2000,
    3000,
    4000,
    5000,
    6000,
    7000,
    8000,
    9000,
    10000,
    11000,
    12000,
    13000,
    14000,
    15000,
    16000,
    17000,
    18000,
    19000,
    20000
  ],
  "episode_T": [
    10000,
    20000,
    30000,
    40000,
    50000,
    60000,
    70000,
    80000,
    90000,
    100000,
    110000,
    120000,
    130000,
    140000,
    150000,
    160000,
    170000,
    180000,
    190000,
    200000
  ],
  "epsilon": [
    1.0,
    0.81,
    0.6200000000000001,
    0.43000000000000005,
    0.2400000000000001,
    0.050000000000000155,
    0.05,
    0.05,
    0.05,
    0.05,
    0.05,
    0.05,
    0.05,
    0.05,
    0.05,
    0.05,
    0.05,
    0.05,
    0.05,
    0.05,
    0.05
  ],
  "epsilon_T": [
    10,
    10010,
    20010,
    30010,
    40010,
    50010,
    60010,
    70010,
    80010,
    90010,
    100010,
    110010,
    120010,
    130010,
    140010,
    150010,
    160010,
    170010,
    180010,
    190010,
    200010
  ],
  "grad_norm": [
    370.2769775390625,
    40.9163932800293,
    17.551753997802734,
    41.36260986328125,
    25.18700408935547,
    22.13763999938965,
    44.931983947753906,
    50.470035552978516,
    44.2837028503418,
    8.87160873413086,
    53.45168685913086,
    69.95109558105469,
    74.99457550048828,
    48.59577560424805,
    50.34956741333008,
    68.3024673461914,
    82.78491973876953,
    76.89550018310547,
    49.687339782714844,
    49.52473068237305,
    26.163537979125977
  ],
  "grad_norm_T": [
    320,
    10320,
    20320,
    30320,
    40320,
    50320,
    60320,
    70320,
    80320,
    90320,
    100320,
    110320,
    120320,
    130320,
    140320,
    150320,
    160320,
    170320,
    180320,
    190320,
    200320
  ],
  "loss": [
    140.02743530273438,
    1.4334542751312256,
    2.2231123447418213,
    3.1503098011016846,
    2.7121963500976562,
    1.8614944219589233,
    1.8990211486816406,
    1.7648842334747314,
    1.304404377937317,
    0.9700040817260742,
    0.9768252372741699,
    0.8637164831161499,
    1.1747238636016846,
    0.9295174479484558,
    0.7834182977676392,
    0.9405967593193054,
    1.0565812587738037,
    1.1537621021270752,
    1.0568649768829346,
    1.0200707912445068,
    1.0029191970825195
  ],
  "loss_T": [
    320,
    10320,
    20320,
    30320,
    40320,
    50320,
    60320,
    70320,
    80320,
    90320,
    100320,
    110320,
    120320,
    130320,
    140320,
    150320,
    160320,
    170320,
    180320,
    190320,
    200320
  ],
  "q_taken_mean": [
    0.0036222545305887857,
    -0.09474208196004232,
    -0.021693035761515298,
    0.010878951549530029,
    0.0021877400080362957,
    -0.0006527418394883474,
    0.007565048535664877,
    0.022063759167989094,
    0.025772434870402018,
    0.026203436851501463,
    0.01355985959370931,
    0.011867064634958903,
    0.004222777684529623,
    -0.00399723211924235,
    -0.003585669994354248,
    -0.0001758954425652822,
    -0.004384992122650147,
    -0.005017573038736979,
    -0.008718919754028321,
    -0.01065103530883789,
    -0.009645840326944988
  ],
  "q_taken_mean_T": [
    320,
    10320,
    20320,
    30320,
    40320,
    50320,
    60320,
    70320,
    80320,
    90320,
    100320,
    110320,
    120320,
    130320,
    140320,
    150320,
    160320,
    170320,
    180320,
    190320,
    200320
  ],
  "return_mean": [
    -122.0,
    -107.81,
    -85.3675,
    -56.577,
    -30.82,
    -5.4,
    7.3465,
    8.757,
    12.441,
    17.3595,
    19.113,
    19.8965,
    20.607,
    21.0825,
    21.237,
    21.4335,
    21.2285,
    20.8495,
    20.713,
    20.944,
    20.953
  ],
  "return_mean_T": [
    10,
    10010,
    20010,
    30010,
    40010,
    50010,
    60010,
    70010,
    80010,
    90010,
    100010,
    110010,
    120010,
    130010,
    140010,
    150010,
    160010,
    170010,
    180010,
    190010,
    200010
  ],
  "return_std": [
    0.0,
    8.65346173505147,
    9.660858851572153,
    10.912289906339549,
    10.390192490998423,
    9.395743717237076,
    4.753492163662417,
    4.7923325218519635,
    4.9930971350455415,
    4.906323445310144,
    4.682064822276599,
    4.922553986499285,
    4.636167706198731,
    4.95393215032261,
    4.900748004131614,
    4.9174513469886,
    5.066659427078161,
    4.986341319043453,
    4.990253600770205,
    4.881789016334074,
    5.034758286154362
  ],
  "return_std_T": [
    10,
    10010,
    20010,
    30010,
    40010,
    50010,
    60010,
    70010,
    80010,
    90010,
    100010,
    110010,
    120010,
    130010,
    140010,
    150010,
    160010,
    170010,
    180010,
    190010,
    200010
  ],
  "scaned_mean": [
    2.0,
    1.248,
    1.489,
    5.374,
    6.546,
    7.085,
    7.327,
    9.301,
    13.944,
    18.961,
    21.062,
    21.937,
    22.867,
    23.602,
    23.741,
    23.936,
    23.843,
    23.808,
    23.659,
    23.789,
    23.663
  ],
  "scaned_mean_T": [
    10,
    10010,
    20010,
    30010,
    40010,
    50010,
    60010,
    70010,
    80010,
    90010,
    100010,
    110010,
    120010,
    130010,
    140010,
    150010,
    160010,
    170010,
    180010,
    190010,
    200010
  ],
  "target_mean": [
    -0.7665279134114583,
    -0.5810827128092448,
    -0.46267054239908856,
    0.03672268549601237,
    0.054654712677001956,
    0.04784444491068522,
    0.16198744455973307,
    0.31781763712565103,
    0.45856475830078125,
    0.7051485697428386,
    0.7759528605143229,
    0.7907415771484375,
    0.8670164998372396,
    0.8370232645670573,
    0.895338134765625,
    1.0199239095052084,
    0.9638994344075521,
    0.9867874145507812,
    1.0041029866536457,
    0.9975419108072917,
    1.0232089233398438
  ],
  "target_mean_T": [
    320,
    10320,
    20320,
    30320,
    40320,
    50320,
    60320,
    70320,
    80320,
    90320,
    100320,
    110320,
    120320,
    130320,
    140320,
    150320,
    160320,
    170320,
    180320,
    190320,
    200320
  ],
  "td_error_abs": [
    11.697032165527343,
    0.7275477886199951,
    1.1540700912475585,
    1.4069709777832031,
    1.288800048828125,
    1.071925163269043,
    1.1254889488220214,
    1.1027441024780273,
    0.8916619300842286,
    0.7762866020202637,
    0.7779438972473145,
    0.7095648765563964,
    0.8566255569458008,
    0.7456426620483398,
    0.6714242935180664,
    0.7473955631256104,
    0.7904389381408692,
    0.7858761787414551,
    0.7781908512115479,
    0.7420929908752442,
    0.7341184616088867
  ],
  "td_error_abs_T": [
    320,
    10320,
    20320,
    30320,
    40320,
    50320,
    60320,
    70320,
    80320,
    90320,
    100320,
    110320,
    120320,
    130320,
    140320,
    150320,
    160320,
    170320,
    180320,
    190320,
    200320
  ],