{
  "battle_won_mean": [
    0.0,
    0.0,
    0.0,
    0.0,
    0.0,
    0.0,
    0.0,
    0.0,
    0.0,
    0.0,
    0.0,
    0.0,
    0.0,
    0.0,
    0.0,
    0.0,
    0.0,
    0.0,
    0.0,
    0.0,
    0.0
  ],
  "battle_won_mean_T": [
    10,
    10010,
    20010,
    30010,
    40010,
    50010,
    60010,
    70010,
    80010,
    90010,
    100010,
    110010,
    120010,
    130010,
    140010,
    150010,
    160010,
    170010,
    180010,
    190010,
    200010
  ],
  "ep_length_mean": [
    10.0,
    10.0,
    10.0,
    10.0,
    10.0,
    10.0,
    10.0,
    10.0,
    10.0,
    10.0,
    10.0,
    10.0,
    10.0,
    10.0,
    10.0,
    10.0,
    10.0,
    10.0,
    10.0,
    10.0,
    10.0
  ],
  "ep_length_mean_T": [
    10,
    10010,
    20010,
    30010,
    40010,
    50010,
    60010,
    70010,
    80010,
    90010,
    100010,
    110010,
    120010,
    130010,
    140010,
    150010,
    160010,
    170010,
    180010,
    190010,
    200010
  ],
  "episode": [
    1000,
    2000,
    3000,
    4000,
    5000,
    6000,
    7000,
    8000,
    9000,
    10000,
    11000,
    12000,
    13000,
    14000,
    15000,
    16000,
    17000,
    18000,
    19000,
    20000
  ],
  "episode_T": [
    10000,
    20000,
    30000,
    40000,
    50000,
    60000,
    70000,
    80000,
    90000,
    100000,
    110000,
    120000,
    130000,
    140000,
    150000,
    160000,
    170000,
    180000,
    190000,
    200000
  ],
  "epsilon": [
    1.0,
    0.81,
    0.6200000000000001,
    0.43000000000000005,
    0.2400000000000001,
    0.050000000000000155,
    0.05,
    0.05,
    0.05,
    0.05,
    0.05,
    0.05,
    0.05,
    0.05,
    0.05,
    0.05,
    0.05,
    0.05,
    0.05,
    0.05,
    0.05
  ],
  "epsilon_T": [
    10,
    10010,
    20010,
    30010,
    40010,
    50010,
    60010,
    70010,
    80010,
    90010,
    100010,
    110010,
    120010,
    130010,
    140010,
    150010,
    160010,
    170010,
    180010,
    190010,
    200010
  ],
  "grad_norm": [
    224.3984832763672,
    54.19904708862305,
    35.85414505004883,
    65.81497192382812,
    35.32825469970703,
    12.108468055725098,
    41.399986267089844,
    57.82539367675781,
    44.1346321105957,
    86.00105285644531,
    95.20288848876953,
    81.60205078125,
    35.44334030151367,
    84.53125762939453,
    56.38309860229492,
    44.315650939941406,
    66.78628540039062,
    37.562950134277344,
    53.556884765625,
    70.19605255126953,
    51.06288528442383
  ],
  "grad_norm_T": [
    320,
    10320,
    20320,
    30320,
    40320,
    50320,
    60320,
    70320,
    80320,
    90320,
    100320,
    110320,
    120320,
    130320,
    140320,
    150320,
    160320,
    170320,
    180320,
    190320,
    200320
  ],
  "loss": [
    144.21009826660156,
    1.0265800952911377,
    4.272627830505371,
    3.09582257270813,
    3.1235909461975098,
    1.8503443002700806,
    1.7240912914276123,
    1.4560606479644775,
    1.1085104942321777,
    1.182674765586853,
    1.0977163314819336,
    1.0009193420410156,
    0.8094934225082397,
    1.11232590675354,
    0.8424885869026184,
    0.9491525888442993,
    1.0614254474639893,
    0.8018046617507935,
    0.8290273547172546,
    0.7756757736206055,
    0.8375020027160645
  ],
  "loss_T": [
    320,
    10320,
    20320,
    30320,
    40320,
    50320,
    60320,
    70320,
    80320,
    90320,
    100320,
    110320,
    120320,
    130320,
    140320,
    150320,
    160320,
    170320,
    180320,
    190320,
    200320
  ],
  "q_taken_mean": [
    0.0012197146813074748,
    -0.020573617617289226,
    0.013239299456278483,
    -0.00399885098139445,
    0.010381687482198079,
    0.013618504206339518,
    0.018463751475016277,
    0.02938445727030436,
    0.025538566907246908,
    0.02917903264363607,
    0.023120829264322917,
    0.016966225306193034,
    0.011529448032379151,
    0.008779640197753907,
    0.005263307094573975,
    0.0036886314551035563,
    0.003994009494781494,
    -0.001079091529051463,
    -0.0022498281796773274,
    -0.00189046581586202,
    -0.0019039920965830486
  ],
  "q_taken_mean_T": [
    320,
    10320,
    20320,
    30320,
    40320,
    50320,
    60320,
    70320,
    80320,
    90320,
    100320,
    110320,
    120320,
    130320,
    140320,
    150320,
    160320,
    170320,
    180320,
    190320,
    200320
  ],
  "return_mean": [
    -117.0,
    -107.7145,
    -84.1535,
    -56.2885,
    -30.88,
    -5.176,
    7.955,
    14.5195,
    18.565,
    20.7635,
    21.4555,
    21.218,
    21.126,
    21.3045,
    21.128,
    21.5525,
    21.3785,
    21.338,
    21.094,
    21.1945,
    21.221
  ],
  "return_mean_T": [
    10,
    10010,
    20010,
    30010,
    40010,
    50010,
    60010,
    70010,
    80010,
    90010,
    100010,
    110010,
    120010,
    130010,
    140010,
    150010,
    160010,
    170010,
    180010,
    190010,
    200010
  ],
  "return_std": [
    0.0,
    8.811313168308116,
    10.89718714852599,
    10.801759937621275,
    10.19193799039221,
    9.33153385033779,
    5.055390687177401,
    5.142165861774589,
    4.8854656891641355,
    4.737860039089378,
    4.964400240713877,
    5.022496988550616,
    4.908169108741059,
    5.006648554672077,
    4.873101271264533,
    4.931277091180337,
    5.101910205991477,
    4.879575391363474,
    4.857125075597704,
    5.054198230184487,
    5.00016589724781
  ],
  "return_std_T": [
    10,
    10010,
    20010,
    30010,
    40010,
    50010,
    60010,
    70010,
    80010,
    90010,
    100010,
    110010,
    120010,
    130010,
    140010,
    150010,
    160010,
    170010,
    180010,
    190010,
    200010
  ],
  "scaned_mean": [
    4.0,
    1.242,
    2.362,
    5.508,
    6.568,
    7.179,
    8.161,
    16.321,
    20.123,
    22.514,
    23.534,
    23.675,
    23.722,
    23.762,
    23.734,
    23.894,
    23.873,
    23.744,
    23.673,
    23.777,
    23.901
  ],
  "scaned_mean_T": [
    10,
    10010,
    20010,
    30010,
    40010,
    50010,
    60010,
    70010,
    80010,
    90010,
    100010,
    110010,
    120010,
    130010,
    140010,
    150010,
    160010,
    170010,
    180010,
    190010,
    200010
  ],
  "target_mean": [
    -0.7908279927571614,
    -0.9602988688151042,
    -0.3908580017089844,
    -0.027613735198974608,
    0.10645221074422201,
    0.1683360799153646,
    0.22479339599609374,
    0.49045679728190106,
    0.5339918009440104,
    0.7568949381510417,
    0.8104267374674479,
    0.8700578816731771,
    0.8826969401041667,
    0.9188712565104167,
    0.913834228515625,
    0.9593700154622395,
    1.0337001546223958,
    0.9814959716796875,
    0.9757433064778646,
    0.9921766153971354,
    0.9946851603190104
  ],
  "target_mean_T": [
    320,
    10320,
    20320,
    30320,
    40320,
    50320,
    60320,
    70320,
    80320,
    90320,
    100320,
    110320,
    120320,
    130320,
    140320,
    150320,
    160320,
    170320,
    180320,
    190320,
    200320
  ],
  "td_error_abs": [
    11.87745361328125,
    0.8529077529907226,
    1.5540882110595704,
    1.3957358360290528,
    1.4064605712890625,
    1.0695192337036132,
    1.036855697631836,
    0.9461410522460938,
    0.8246275901794433,
    0.8567018508911133,
    0.8367619514465332,
    0.7921093940734864,
    0.6984766960144043,
    0.8047906875610351,
    0.7308803081512452,
    0.7640929222106934,
    0.8083209991455078,
    0.7101222991943359,
    0.6882035732269287,
    0.684151554107666,
    0.7177565097808838
  ],
  "td_error_abs_T": [
    320,
    10320,
    20320,
    30320,
    40320,
    50320,
    60320,
    70320,
    80320,
    90320,
    100320,
    110320,
    120320,
    130320,
    140320,
    150320,
    160320,
    170320,
    180320,
    190320,
    200320
  ],