{
  "battle_won_mean": [
    0.0,
    0.0,
    0.0,
    0.0,
    0.0,
    0.0,
    0.0,
    0.0,
    0.0,
    0.0,
    0.0,
    0.0,
    0.0,
    0.0,
    0.0,
    0.0,
    0.0,
    0.0,
    0.0,
    0.0,
    0.0
  ],
  "battle_won_mean_T": [
    10,
    10010,
    20010,
    30010,
    40010,
    50010,
    60010,
    70010,
    80010,
    90010,
    100010,
    110010,
    120010,
    130010,
    140010,
    150010,
    160010,
    170010,
    180010,
    190010,
    200010
  ],
  "ep_length_mean": [
    10.0,
    10.0,
    10.0,
    10.0,
    10.0,
    10.0,
    10.0,
    10.0,
    10.0,
    10.0,
    10.0,
    10.0,
    10.0,
    10.0,
    10.0,
    10.0,
    10.0,
    10.0,
    10.0,
    10.0,
    10.0
  ],
  "ep_length_mean_T": [
    10,
    10010,
    20010,
    30010,
    40010,
    50010,
    60010,
    70010,
    80010,
    90010,
    100010,
    110010,
    120010,
    130010,
    140010,
    150010,
    160010,
    170010,
    180010,
    190010,
    200010
  ],
  "episode": [
    1000,
    2000,
    3000,
    4000,
    5000,
    6000,
    7000,
    8000,
    9000,
    10000,
    11000,
    12000,
    13000,
    14000,
    15000,
    16000,
    17000,
    18000,
    19000,
    20000
  ],
  "episode_T": [
    10000,
    20000,
    30000,
    40000,
    50000,
    60000,
    70000,
    80000,
    90000,
    100000,
    110000,
    120000,
    130000,
    140000,
    150000,
    160000,
    170000,
    180000,
    190000,
    200000
  ],
  "epsilon": [
    1.0,
    0.81,
    0.6200000000000001,
    0.43000000000000005,
    0.2400000000000001,
    0.050000000000000155,
    0.05,
    0.05,
    0.05,
    0.05,
    0.05,
    0.05,
    0.05,
    0.05,
    0.05,
    0.05,
    0.05,
    0.05,
    0.05,
    0.05,
    0.05
  ],
  "epsilon_T": [
    10,
    10010,
    20010,
    30010,
    40010,
    50010,
    60010,
    70010,
    80010,
    90010,
    100010,
    110010,
    120010,
    130010,
    140010,
    150010,
    160010,
    170010,
    180010,
    190010,
    200010
  ],
  "grad_norm": [
    264.9338684082031,
    22.867700576782227,
    45.13296890258789,
    38.688961029052734,
    46.30067825317383,
    87.9216537475586,
    59.67498016357422,
    53.109535217285156,
    105.30674743652344,
    16.734827041625977,
    92.80553436279297,
    24.794187545776367,
    69.0248031616211,
    47.58592224121094,
    68.22937774658203,
    56.35000991821289,
    70.91258239746094,
    55.096595764160156,
    21.29195213317871,
    65.63431549072266,
    56.903839111328125
  ],
  "grad_norm_T": [
    320,
    10320,
    20320,
    30320,
    40320,
    50320,
    60320,
    70320,
    80320,
    90320,
    100320,
    110320,
    120320,
    130320,
    140320,
    150320,
    160320,
    170320,
    180320,
    190320,
    200320
  ],
  "loss": [
    140.92129516601562,
    1.0991771221160889,
    5.723086357116699,
    3.3273658752441406,
    2.4028842449188232,
    2.1291089057922363,
    1.314393401145935,
    1.245819091796875,
    1.362313985824585,
    0.9170934557914734,
    1.3273531198501587,
    0.966607391834259,
    0.9445975422859192,
    1.068006157875061,
    1.0782082080841064,
    0.9129703640937805,
    1.078858494758606,
    1.0061002969741821,
    0.9295381307601929,
    1.0247962474822998,
    1.1039577722549438
  ],
  "loss_T": [
    320,
    10320,
    20320,
    30320,
    40320,
    50320,
    60320,
    70320,
    80320,
    90320,
    100320,
    110320,
    120320,
    130320,
    140320,
    150320,
    160320,
    170320,
    180320,
    190320,
    200320
  ],
  "q_taken_mean": [
    -0.005537270307540893,
    -0.01803789774576823,
    0.002613657315572103,
    -0.003798979918162028,
    0.015413333574930826,
    0.00798774242401123,
    0.009755393664042156,
    0.011521391868591309,
    0.01747247854868571,
    0.005708976189295451,
    0.007479760646820068,
    -0.002013174295425415,
    -0.006350998083750407,
    -0.009107782046000162,
    -0.007024046579996745,
    -0.009603271484375,
    -0.011594060262044271,
    -0.009582614898681641,
    -0.012008966604868571,
    -0.011295411586761474,
    -0.013558632532755533
  ],
  "q_taken_mean_T": [
    320,
    10320,
    20320,
    30320,
    40320,
    50320,
    60320,
    70320,
    80320,
    90320,
    100320,
    110320,
    120320,
    130320,
    140320,
    150320,
    160320,
    170320,
    180320,
    190320,
    200320
  ],
  "return_mean": [
    -121.0,
    -107.731,
    -82.706,
    -56.741,
    -29.143,
    0.8855,
    16.886,
    17.544,
    18.309,
    18.591,
    18.261,
    18.2355,
    17.9125,
    18.0905,
    18.296,
    18.456,
    19.15,
    19.354,
    19.5725,
    19.6205,
    19.5945
  ],
  "return_mean_T": [
    10,
    10010,
    20010,
    30010,
    40010,
    50010,
    60010,
    70010,
    80010,
    90010,
    100010,
    110010,
    120010,
    130010,
    140010,
    150010,
    160010,
    170010,
    180010,
    190010,
    200010
  ],
  "return_std": [
    0.0,
    9.004090126159333,
    10.507238647713299,
    10.839691831412921,
    11.440718989643964,
    11.228496771607498,
    4.760357549596459,
    4.844797622192283,
    5.011688238508058,
    4.953959931206549,
    4.963605443626639,
    4.624639418376312,
    5.055600236371543,
    4.860458800360312,
    4.854676508275294,
    4.9181362323546916,
    4.731648761267049,
    5.140445895056187,
    4.817623246996385,
    4.896654955170928,
    5.149739774978927
  ],
  "return_std_T": [
    10,
    10010,
    20010,
    30010,
    40010,
    50010,
    60010,
    70010,
    80010,
    90010,
    100010,
    110010,
    120010,
    130010,
    140010,
    150010,
    160010,
    170010,
    180010,
    190010,
    200010
  ],
  "scaned_mean": [
    2.0,
    1.308,
    3.783,
    6.042,
    10.722,
    15.735,
    18.548,
    19.425,
    20.011,
    20.15,
    20.222,
    20.274,
    20.127,
    20.165,
    20.338,
    20.514,
    21.189,
    21.531,
    21.721,
    21.664,
    21.772
  ],
  "scaned_mean_T": [
    10,
    10010,
    20010,
    30010,
    40010,
    50010,
    60010,
    70010,
    80010,
    90010,
    100010,
    110010,
    120010,
    130010,
    140010,
    150010,
    160010,
    170010,
    180010,
    190010,
    200010
  ],
  "target_mean": [
    -0.7875968424479166,
    -0.6772350056966145,
    -0.13291737874348958,
    -0.1706353505452474,
    0.19869949340820312,
    0.3320789082845052,
    0.42819066365559894,
    0.5533346557617187,
    0.7064275105794271,
    0.7888646443684896,
    0.8902337646484375,
    0.8481498209635416,
    0.8126793924967448,
    0.7866984558105469,
    0.8666866048177083,
    0.8619189453125,
    0.8702834065755208,
    0.882509765625,
    0.8738413492838542,
    0.8715726725260416,
    0.891297607421875
  ],
  "target_mean_T": [
    320,
    10320,
    20320,
    30320,
    40320,
    50320,
    60320,
    70320,
    80320,
    90320,
    100320,
    110320,
    120320,
    130320,
    140320,
    150320,
    160320,
    170320,
    180320,
    190320,
    200320
  ],
  "td_error_abs": [
    11.736421203613281,
    0.8568638801574707,
    1.7250831604003907,
    1.3676586151123047,
    1.2340126037597656,
    1.1429433822631836,
    0.9325395584106445,
    0.8628129959106445,
    0.9208798408508301,
    0.756986141204834,
    0.8933562278747559,
    0.7689842700958252,
    0.7860942840576172,
    0.7806143760681152,
    0.8030990600585938,
    0.7589317321777344,
    0.8068465232849121,
    0.7960277557373047,
    0.7733872890472412,
    0.7807153224945068,
    0.8210745811462402
  ],
  "td_error_abs_T": [
    320,
    10320,
    20320,
    30320,
    40320,
    50320,
    60320,
    70320,
    80320,
    90320,
    100320,
    110320,
    120320,
    130320,
    140320,
    150320,
    160320,
    170320,
    180320,
    190320,
    200320
  ],