{
  "battle_won_mean": [
    0.0,
    0.0,
    0.0,
    0.0,
    0.0,
    0.0,
    0.0,
    0.0,
    0.0,
    0.0,
    0.0,
    0.0,
    0.0,
    0.0,
    0.0,
    0.0,
    0.0,
    0.0,
    0.0,
    0.0,
    0.0
  ],
  "battle_won_mean_T": [
    10,
    10010,
    20010,
    30010,
    40010,
    50010,
    60010,
    70010,
    80010,
    90010,
    100010,
    110010,
    120010,
    130010,
    140010,
    150010,
    160010,
    170010,
    180010,
    190010,
    200010
  ],
  "ep_length_mean": [
    10.0,
    10.0,
    10.0,
    10.0,
    10.0,
    10.0,
    10.0,
    10.0,
    10.0,
    10.0,
    10.0,
    10.0,
    10.0,
    10.0,
    10.0,
    10.0,
    10.0,
    10.0,
    10.0,
    10.0,
    10.0
  ],
  "ep_length_mean_T": [
    10,
    10010,
    20010,
    30010,
    40010,
    50010,
    60010,
    70010,
    80010,
    90010,
    100010,
    110010,
    120010,
    130010,
    140010,
    150010,
    160010,
    170010,
    180010,
    190010,
    200010
  ],
  "episode": [
    1000,
    2000,
    3000,
    4000,
    5000,
    6000,
    7000,
    8000,
    9000,
    10000,
    11000,
    12000,
    13000,
    14000,
    15000,
    16000,
    17000,
    18000,
    19000,
    20000
  ],
  "episode_T": [
    10000,
    20000,
    30000,
    40000,
    50000,
    60000,
    70000,
    80000,
    90000,
    100000,
    110000,
    120000,
    130000,
    140000,
    150000,
    160000,
    170000,
    180000,
    190000,
    200000
  ],
  "epsilon": [
    1.0,
    0.81,
    0.6200000000000001,
    0.43000000000000005,
    0.2400000000000001,
    0.050000000000000155,
    0.05,
    0.05,
    0.05,
    0.05,
    0.05,
    0.05,
    0.05,
    0.05,
    0.05,
    0.05,
    0.05,
    0.05,
    0.05,
    0.05,
    0.05
  ],
  "epsilon_T": [
    10,
    10010,
    20010,
    30010,
    40010,
    50010,
    60010,
    70010,
    80010,
    90010,
    100010,
    110010,
    120010,
    130010,
    140010,
    150010,
    160010,
    170010,
    180010,
    190010,
    200010
  ],
  "grad_norm": [
    391.72125244140625,
    53.50355529785156,
    99.92550659179688,
    23.57644271850586,
    18.564678192138672,
    43.62137222290039,
    46.392723083496094,
    22.746158599853516,
    61.28384017944336,
    87.99050903320312,
    41.286312103271484,
    92.99022674560547,
    40.057125091552734,
    58.867218017578125,
    63.836238861083984,
    53.45331573486328,
    69.93833923339844,
    37.66277313232422,
    41.729190826416016,
    76.26670837402344,
    76.47232055664062
  ],
  "grad_norm_T": [
    320,
    10320,
    20320,
    30320,
    40320,
    50320,
    60320,
    70320,
    80320,
    90320,
    100320,
    110320,
    120320,
    130320,
    140320,
    150320,
    160320,
    170320,
    180320,
    190320,
    200320
  ],
  "loss": [
    141.50030517578125,
    1.345534324645996,
    6.721327781677246,
    3.6450347900390625,
    2.8630707263946533,
    2.243816375732422,
    1.1625162363052368,
    0.9764001965522766,
    1.2506030797958374,
    2.1099579334259033,
    0.9597936868667603,
    1.3254637718200684,
    0.8428338766098022,
    0.8769321441650391,
    0.8235992193222046,
    0.9252252578735352,
    1.0613083839416504,
    0.9161068201065063,
    0.9471679925918579,
    1.01604425907135,
    0.9252945184707642
  ],
  "loss_T": [
    320,
    10320,
    20320,
    30320,
    40320,
    50320,
    60320,
    70320,
    80320,
    90320,
    100320,
    110320,
    120320,
    130320,
    140320,
    150320,
    160320,
    170320,
    180320,
    190320,
    200320
  ],
  "q_taken_mean": [
    -0.0022418806950251263,
    0.010636701583862304,
    -1.7647737016280493e-05,
    0.002903889815012614,
    0.013484201431274413,
    0.008993393580118815,
    0.02484868049621582,
    0.02287254015604655,
    0.021899824142456056,
    0.02423287550608317,
    0.017088635762532552,
    0.014661760330200195,
    0.0048537234465281165,
    0.007883615493774414,
    0.006223645210266113,
    -0.0021675390005111692,
    0.0005088424185911815,
    0.00013071867326895395,
    -3.210321068763733e-05,
    2.16584342221419e-05,
    -0.004579614003499349
  ],
  "q_taken_mean_T": [
    320,
    10320,
    20320,
    30320,
    40320,
    50320,
    60320,
    70320,
    80320,
    90320,
    100320,
    110320,
    120320,
    130320,
    140320,
    150320,
    160320,
    170320,
    180320,
    190320,
    200320
  ],
  "return_mean": [
    -102.0,
    -108.0395,
    -82.637,
    -56.7325,
    -30.2495,
    -2.066,
    17.0925,
    18.631,
    18.948,
    19.191,
    19.9325,
    20.378,
    20.579,
    20.813,
    20.783,
    20.6845,
    20.5465,
    20.835,
    20.6505,
    20.7195,
    20.82
  ],
  "return_mean_T": [
    10,
    10010,
    20010,
    30010,
    40010,
    50010,
    60010,
    70010,
    80010,
    90010,
    100010,
    110010,
    120010,
    130010,
    140010,
    150010,
    160010,
    170010,
    180010,
    190010,
    200010
  ],
  "return_std": [
    0.0,
    8.454093076729166,
    10.79519481065534,
    11.068680759241365,
    10.237040575771886,
    11.332945071780768,
    4.8592379803833445,
    4.798680964598502,
    4.742973329041605,
    4.876476084223114,
    4.702519936161887,
    4.852227941884017,
    4.986357287639946,
    4.799951145584713,
    4.970654987021328,
    5.208282802421543,
    4.995957140528729,
    5.064610054091035,
    4.87873956570752,
    5.116402031701575,
    4.872176105191601
  ],
  "return_std_T": [
    10,
    10010,
    20010,
    30010,
    40010,
    50010,
    60010,
    70010,
    80010,
    90010,
    100010,
    110010,
    120010,
    130010,
    140010,
    150010,
    160010,
    170010,
    180010,
    190010,
    200010
  ],
  "scaned_mean": [
    4.0,
    1.288,
    3.679,
    5.48,
    6.834,
    11.475,
    18.507,
    19.849,
    20.455,
    21.173,
    21.809,
    22.694,
    22.927,
    23.291,
    23.349,
    23.318,
    23.374,
    23.322,
    23.336,
    23.369,
    23.384
  ],
  "scaned_mean_T": [
    10,
    10010,
    20010,
    30010,
    40010,
    50010,
    60010,
    70010,
    80010,
    90010,
    100010,
    110010,
    120010,
    130010,
    140010,
    150010,
    160010,
    170010,
    180010,
    190010,
    200010
  ],
  "target_mean": [
    -0.8380657958984375,
    -0.5822856648763021,
    -0.006139539082845052,
    -0.20246781667073568,
    0.058441454569498695,
    0.04117055575052897,
    0.426617431640625,
    0.5992421976725261,
    0.706023457845052,
    0.7997815450032552,
    0.9046793619791667,
    1.0243313598632813,
    0.8632126871744792,
    0.9254255167643229,
    1.0396187337239584,
    0.9556097412109374,
    0.9367352294921875,
    0.9614453125,
    0.9894845581054688,
    1.0264306640625,
    0.98049560546875
  ],
  "target_mean_T": [
    320,
    10320,
    20320,
    30320,
    40320,
    50320,
    60320,
    70320,
    80320,
    90320,
    100320,
    110320,
    120320,
    130320,
    140320,
    150320,
    160320,
    170320,
    180320,
    190320,
    200320
  ],
  "td_error_abs": [
    11.738526916503906,
    0.8905550003051758,
    1.9324195861816407,
    1.5364498138427733,
    1.4000358581542969,
    1.205766773223877,
    0.8606486320495605,
    0.7661655426025391,
    0.90562744140625,
    1.2183947563171387,
    0.7575944900512696,
    0.934180736541748,
    0.7035979747772216,
    0.7369880676269531,
    0.7346415996551514,
    0.7597601413726807,
    0.7695460319519043,
    0.7324183464050293,
    0.7495293140411377,
    0.762267017364502,
    0.7556187152862549
  ],
  "td_error_abs_T": [
    320,
    10320,
    20320,
    30320,
    40320,
    50320,
    60320,
    70320,
    80320,
    90320,
    100320,
    110320,
    120320,
    130320,
    140320,
    150320,
    160320,
    170320,
    180320,
    190320,
    200320
  ],