{
  "battle_won_mean": [
    0.0,
    0.0,
    0.0,
    0.0,
    0.0,
    0.0,
    0.0,
    0.0,
    0.0,
    0.0,
    0.0,
    0.0,
    0.0,
    0.0,
    0.0,
    0.0,
    0.0,
    0.0,
    0.0,
    0.0,
    0.0
  ],
  "battle_won_mean_T": [
    10,
    10010,
    20010,
    30010,
    40010,
    50010,
    60010,
    70010,
    80010,
    90010,
    100010,
    110010,
    120010,
    130010,
    140010,
    150010,
    160010,
    170010,
    180010,
    190010,
    200010
  ],
  "ep_length_mean": [
    10.0,
    10.0,
    10.0,
    10.0,
    10.0,
    10.0,
    10.0,
    10.0,
    10.0,
    10.0,
    10.0,
    10.0,
    10.0,
    10.0,
    10.0,
    10.0,
    10.0,
    10.0,
    10.0,
    10.0,
    10.0
  ],
  "ep_length_mean_T": [
    10,
    10010,
    20010,
    30010,
    40010,
    50010,
    60010,
    70010,
    80010,
    90010,
    100010,
    110010,
    120010,
    130010,
    140010,
    150010,
    160010,
    170010,
    180010,
    190010,
    200010
  ],
  "episode": [
    1000,
    2000,
    3000,
    4000,
    5000,
    6000,
    7000,
    8000,
    9000,
    10000,
    11000,
    12000,
    13000,
    14000,
    15000,
    16000,
    17000,
    18000,
    19000,
    20000
  ],
  "episode_T": [
    10000,
    20000,
    30000,
    40000,
    50000,
    60000,
    70000,
    80000,
    90000,
    100000,
    110000,
    120000,
    130000,
    140000,
    150000,
    160000,
    170000,
    180000,
    190000,
    200000
  ],
  "epsilon": [
    1.0,
    0.81,
    0.6200000000000001,
    0.43000000000000005,
    0.2400000000000001,
    0.050000000000000155,
    0.05,
    0.05,
    0.05,
    0.05,
    0.05,
    0.05,
    0.05,
    0.05,
    0.05,
    0.05,
    0.05,
    0.05,
    0.05,
    0.05,
    0.05
  ],
  "epsilon_T": [
    10,
    10010,
    20010,
    30010,
    40010,
    50010,
    60010,
    70010,
    80010,
    90010,
    100010,
    110010,
    120010,
    130010,
    140010,
    150010,
    160010,
    170010,
    180010,
    190010,
    200010
  ],
  "grad_norm": [
    387.3175354003906,
    78.56832122802734,
    37.49639129638672,
    45.877166748046875,
    28.87419319152832,
    43.81234359741211,
    30.712928771972656,
    53.16520690917969,
    57.030296325683594,
    48.557769775390625,
    48.51287841796875,
    46.03669738769531,
    25.75103187561035,
    39.02147674560547,
    42.82535171508789,
    23.818309783935547,
    36.03728103637695,
    35.97452163696289,
    25.068843841552734,
    36.30839157104492,
    42.62358474731445
  ],
  "grad_norm_T": [
    320,
    10320,
    20320,
    30320,
    40320,
    50320,
    60320,
    70320,
    80320,
    90320,
    100320,
    110320,
    120320,
    130320,
    140320,
    150320,
    160320,
    170320,
    180320,
    190320,
    200320
  ],
  "loss": [
    138.84231567382812,
    1.8231441974639893,
    2.330596923828125,
    2.200347423553467,
    2.7221903800964355,
    2.4783661365509033,
    1.8400789499282837,
    1.5686613321304321,
    1.4830424785614014,
    1.5036382675170898,
    1.3573577404022217,
    1.2427549362182617,
    1.0533685684204102,
    1.0557277202606201,
    1.1688038110733032,
    0.983808159828186,
    1.1677420139312744,
    1.0405590534210205,
    0.9696273803710938,
    0.9805476069450378,
    1.1046359539031982
  ],
  "loss_T": [
    320,
    10320,
    20320,
    30320,
    40320,
    50320,
    60320,
    70320,
    80320,
    90320,
    100320,
    110320,
    120320,
    130320,
    140320,
    150320,
    160320,
    170320,
    180320,
    190320,
    200320
  ],
  "q_taken_mean": [
    -0.00011500677714745204,
    0.03332964579264323,
    0.0010796735684076946,
    -0.0038920565446217857,
    0.014545213381449382,
    0.026101430257161457,
    0.021454803148905435,
    0.037239093780517575,
    0.04157026608784994,
    0.0415994930267334,
    0.04231074015299479,
    0.04367359161376953,
    0.04233182907104492,
    0.044551734924316404,
    0.04734143575032552,
    0.045235300064086915,
    0.046891702016194664,
    0.04608434677124024,
    0.04576119105021159,
    0.047127946217854814,
    0.04963021596272787
  ],
  "q_taken_mean_T": [
    320,
    10320,
    20320,
    30320,
    40320,
    50320,
    60320,
    70320,
    80320,
    90320,
    100320,
    110320,
    120320,
    130320,
    140320,
    150320,
    160320,
    170320,
    180320,
    190320,
    200320
  ],
  "return_mean": [
    -121.0,
    -107.785,
    -83.9565,
    -57.7635,
    -31.038,
    -4.475,
    11.4485,
    14.4155,
    16.0535,
    15.889,
    16.4715,
    16.427,
    16.158,
    16.4685,
    16.0095,
    16.458,
    16.461,
    16.6805,
    17.379,
    17.7185,
    17.628
  ],
  "return_mean_T": [
    10,
    10010,
    20010,
    30010,
    40010,
    50010,
    60010,
    70010,
    80010,
    90010,
    100010,
    110010,
    120010,
    130010,
    140010,
    150010,
    160010,
    170010,
    180010,
    190010,
    200010
  ],
  "return_std": [
    0.0,
    8.59265820337339,
    10.162792812509759,
    11.17113771063628,
    10.47607063740981,
    9.493912523296178,
    5.0211649793648485,
    4.878433124477572,
    4.623460581642283,
    4.850533888140562,
    4.808579597968614,
    4.66783365170611,
    4.899289336220101,
    4.958553997890918,
    4.9462773628255015,
    4.800337071498208,
    4.900201934614532,
    4.809331528393526,
    4.975526002343873,
    4.945604892225015,
    4.832040562743653
  ],
  "return_std_T": [
    10,
    10010,
    20010,
    30010,
    40010,
    50010,
    60010,
    70010,
    80010,
    90010,
    100010,
    110010,
    120010,
    130010,
    140010,
    150010,
    160010,
    170010,
    180010,
    190010,
    200010
  ],
  "scaned_mean": [
    2.0,
    1.206,
    2.223,
    4.45,
    6.587,
    7.856,
    12.676,
    15.316,
    16.931,
    17.616,
    18.052,
    18.061,
    17.981,
    18.128,
    17.904,
    18.178,
    18.382,
    18.636,
    19.2,
    19.356,
    19.401
  ],
  "scaned_mean_T": [
    10,
    10010,
    20010,
    30010,
    40010,
    50010,
    60010,
    70010,
    80010,
    90010,
    100010,
    110010,
    120010,
    130010,
    140010,
    150010,
    160010,
    170010,
    180010,
    190010,
    200010
  ],
  "target_mean": [
    -0.8209569803873698,
    -0.4716937255859375,
    -0.05429815292358398,
    -0.09380688985188802,
    -0.019051068623860676,
    0.2314922078450521,
    0.22614288330078125,
    0.46918294270833333,
    0.5700396728515625,
    0.6679848225911459,
    0.7002713012695313,
    0.7254096476236979,
    0.7270236206054688,
    0.7381148783365885,
    0.8201106770833333,
    0.7604569498697916,
    0.7599393717447916,
    0.7756146240234375,
    0.7532259114583333,
    0.7826296997070312,
    0.8130941263834636
  ],
  "target_mean_T": [
    320,
    10320,
    20320,
    30320,
    40320,
    50320,
    60320,
    70320,
    80320,
    90320,
    100320,
    110320,
    120320,
    130320,
    140320,
    150320,
    160320,
    170320,
    180320,
    190320,
    200320
  ],
  "td_error_abs": [
    11.618977355957032,
    1.0620813369750977,
    1.0940472602844238,
    1.1690269470214845,
    1.2898834228515625,
    1.2342513084411622,
    1.096463966369629,
    0.9964225769042969,
    0.9503618240356445,
    0.9452781677246094,
    0.9238853454589844,
    0.8698561668395997,
    0.8122353553771973,
    0.8097140312194824,
    0.8435419082641602,
    0.7856423377990722,
    0.8603629112243653,
    0.7990913391113281,
    0.7342288970947266,
    0.7697062969207764,
    0.839908218383789
  ],
  "td_error_abs_T": [
    320,
    10320,
    20320,
    30320,
    40320,
    50320,
    60320,
    70320,
    80320,
    90320,
    100320,
    110320,
    120320,
    130320,
    140320,
    150320,
    160320,
    170320,
    180320,
    190320,
    200320
  ],