{
  "battle_won_mean": [
    0.0,
    0.0,
    0.0,
    0.0,
    0.0,
    0.0,
    0.0,
    0.0,
    0.0,
    0.0,
    0.0,
    0.0,
    0.0,
    0.0,
    0.0,
    0.0,
    0.0,
    0.0,
    0.0,
    0.0,
    0.0
  ],
  "battle_won_mean_T": [
    10,
    10010,
    20010,
    30010,
    40010,
    50010,
    60010,
    70010,
    80010,
    90010,
    100010,
    110010,
    120010,
    130010,
    140010,
    150010,
    160010,
    170010,
    180010,
    190010,
    200010
  ],
  "ep_length_mean": [
    10.0,
    10.0,
    10.0,
    10.0,
    10.0,
    10.0,
    10.0,
    10.0,
    10.0,
    10.0,
    10.0,
    10.0,
    10.0,
    10.0,
    10.0,
    10.0,
    10.0,
    10.0,
    10.0,
    10.0,
    10.0
  ],
  "ep_length_mean_T": [
    10,
    10010,
    20010,
    30010,
    40010,
    50010,
    60010,
    70010,
    80010,
    90010,
    100010,
    110010,
    120010,
    130010,
    140010,
    150010,
    160010,
    170010,
    180010,
    190010,
    200010
  ],
  "episode": [
    1000,
    2000,
    3000,
    4000,
    5000,
    6000,
    7000,
    8000,
    9000,
    10000,
    11000,
    12000,
    13000,
    14000,
    15000,
    16000,
    17000,
    18000,
    19000,
    20000
  ],
  "episode_T": [
    10000,
    20000,
    30000,
    40000,
    50000,
    60000,
    70000,
    80000,
    90000,
    100000,
    110000,
    120000,
    130000,
    140000,
    150000,
    160000,
    170000,
    180000,
    190000,
    200000
  ],
  "epsilon": [
    1.0,
    0.81,
    0.6200000000000001,
    0.43000000000000005,
    0.2400000000000001,
    0.050000000000000155,
    0.05,
    0.05,
    0.05,
    0.05,
    0.05,
    0.05,
    0.05,
    0.05,
    0.05,
    0.05,
    0.05,
    0.05,
    0.05,
    0.05,
    0.05
  ],
  "epsilon_T": [
    10,
    10010,
    20010,
    30010,
    40010,
    50010,
    60010,
    70010,
    80010,
    90010,
    100010,
    110010,
    120010,
    130010,
    140010,
    150010,
    160010,
    170010,
    180010,
    190010,
    200010
  ],
  "grad_norm": [
    243.2566375732422,
    50.8154296875,
    54.6512565612793,
    20.25157928466797,
    80.18419647216797,
    35.830162048339844,
    47.48493194580078,
    27.26566505432129,
    45.071632385253906,
    30.007875442504883,
    41.51019287109375,
    24.562057495117188,
    35.10353088378906,
    35.70920944213867,
    49.10487747192383,
    46.204769134521484,
    17.985734939575195,
    53.689449310302734,
    26.07038688659668,
    36.37160110473633,
    49.08097457885742
  ],
  "grad_norm_T": [
    320,
    10320,
    20320,
    30320,
    40320,
    50320,
    60320,
    70320,
    80320,
    90320,
    100320,
    110320,
    120320,
    130320,
    140320,
    150320,
    160320,
    170320,
    180320,
    190320,
    200320
  ],
  "loss": [
    142.77291870117188,
    1.5553064346313477,
    4.124650478363037,
    3.9394843578338623,
    6.5796051025390625,
    3.254946231842041,
    2.2720744609832764,
    1.376081943511963,
    1.5560556650161743,
    1.264166235923767,
    1.2830636501312256,
    1.1162577867507935,
    1.2538594007492065,
    1.6226882934570312,
    1.2821693420410156,
    1.2414661645889282,
    1.0563606023788452,
    1.2856650352478027,
    1.41061270236969,
    1.2150267362594604,
    1.0983407497406006
  ],
  "loss_T": [
    320,
    10320,
    20320,
    30320,
    40320,
    50320,
    60320,
    70320,
    80320,
    90320,
    100320,
    110320,
    120320,
    130320,
    140320,
    150320,
    160320,
    170320,
    180320,
    190320,
    200320
  ],
  "q_taken_mean": [
    0.000249545027812322,
    0.0014491202433904013,
    0.003242648243904114,
    0.022105646133422852,
    0.0465664545694987,
    0.03212270100911458,
    0.04164154688517253,
    0.04306403795878092,
    0.04726358413696289,
    0.05121277491251627,
    0.05152960459391276,
    0.050251363118489586,
    0.050083710352579754,
    0.049620685577392576,
    0.04664909362792969,
    0.04528987884521484,
    0.04383689244588216,
    0.04279175440470378,
    0.04459141413370768,
    0.04271851857503255,
    0.04079891840616862
  ],
  "q_taken_mean_T": [
    320,
    10320,
    20320,
    30320,
    40320,
    50320,
    60320,
    70320,
    80320,
    90320,
    100320,
    110320,
    120320,
    130320,
    140320,
    150320,
    160320,
    170320,
    180320,
    190320,
    200320
  ],
  "return_mean": [
    -115.0,
    -108.1015,
    -85.1125,
    -57.1175,
    -30.4605,
    -4.495,
    11.0245,
    13.081,
    13.536,
    13.7,
    13.764,
    13.817,
    13.957,
    13.8335,
    13.754,
    14.052,
    14.0895,
    14.116,
    14.2795,
    14.8515,
    16.3785
  ],
  "return_mean_T": [
    10,
    10010,
    20010,
    30010,
    40010,
    50010,
    60010,
    70010,
    80010,
    90010,
    100010,
    110010,
    120010,
    130010,
    140010,
    150010,
    160010,
    170010,
    180010,
    190010,
    200010
  ],
  "return_std": [
    0.0,
    8.832352333891578,
    9.816699738201224,
    11.657420115531565,
    10.274881495666994,
    9.304755504579367,
    4.788491385603612,
    4.787320649382074,
    4.9909121410820285,
    4.643974590800428,
    4.933386666378381,
    4.958680368807814,
    4.882740111863419,
    4.8527340489666235,
    4.906218910729525,
    4.782864831876393,
    4.991065993352523,
    4.905460630766493,
    4.911173968614836,
    4.816762164566567,
    4.811859074204064
  ],
  "return_std_T": [
    10,
    10010,
    20010,
    30010,
    40010,
    50010,
    60010,
    70010,
    80010,
    90010,
    100010,
    110010,
    120010,
    130010,
    140010,
    150010,
    160010,
    170010,
    180010,
    190010,
    200010
  ],
  "scaned_mean": [
    2.0,
    1.2,
    1.846,
    5.244,
    6.644,
    7.64,
    11.394,
    13.831,
    14.561,
    14.687,
    14.735,
    14.791,
    14.876,
    14.886,
    14.911,
    15.059,
    14.975,
    14.952,
    15.316,
    16.325,
    17.69
  ],
  "scaned_mean_T": [
    10,
    10010,
    20010,
    30010,
    40010,
    50010,
    60010,
    70010,
    80010,
    90010,
    100010,
    110010,
    120010,
    130010,
    140010,
    150010,
    160010,
    170010,
    180010,
    190010,
    200010
  ],
  "target_mean": [
    -0.7909131876627604,
    -0.3199061584472656,
    -0.3265606943766276,
    -0.1970984395345052,
    0.2789746348063151,
    0.21508346557617186,
    0.4184948221842448,
    0.4632780965169271,
    0.5366688537597656,
    0.5672293090820313,
    0.6242632039388021,
    0.6065719604492188,
    0.6123299662272136,
    0.6300036112467448,
    0.635062510172526,
    0.6486510213216146,
    0.6098260498046875,
    0.6437190755208333,
    0.6813858032226563,
    0.6756223551432292,
    0.7043948364257813
  ],
  "target_mean_T": [
    320,
    10320,
    20320,
    30320,
    40320,
    50320,
    60320,
    70320,
    80320,
    90320,
    100320,
    110320,
    120320,
    130320,
    140320,
    150320,
    160320,
    170320,
    180320,
    190320,
    200320
  ],
  "td_error_abs": [
    11.812234497070312,
    1.0520421981811523,
    1.52772798538208,
    1.5534151077270508,
    1.9808555603027345,
    1.453631591796875,
    1.1817249298095702,
    0.9079656600952148,
    0.9933631896972657,
    0.9083443641662597,
    0.8893331527709961,
    0.8262300491333008,
    0.8788413047790528,
    1.0166496276855468,
    0.9042951583862304,
    0.9111588478088379,
    0.8105438232421875,
    0.8783262252807618,
    0.9340066909790039,
    0.8368610382080078,
    0.831605339050293
  ],
  "td_error_abs_T": [
    320,
    10320,
    20320,
    30320,
    40320,
    50320,
    60320,
    70320,
    80320,
    90320,
    100320,
    110320,
    120320,
    130320,
    140320,
    150320,
    160320,
    170320,
    180320,
    190320,
    200320
  ],