{
  "battle_won_mean": [
    0.0,
    0.0,
    0.0,
    0.0,
    0.0,
    0.0,
    0.0,
    0.0,
    0.0,
    0.0,
    0.0,
    0.0,
    0.0,
    0.0,
    0.0,
    0.0,
    0.0,
    0.0,
    0.0,
    0.0,
    0.0
  ],
  "battle_won_mean_T": [
    10,
    10010,
    20010,
    30010,
    40010,
    50010,
    60010,
    70010,
    80010,
    90010,
    100010,
    110010,
    120010,
    130010,
    140010,
    150010,
    160010,
    170010,
    180010,
    190010,
    200010
  ],
  "ep_length_mean": [
    10.0,
    10.0,
    10.0,
    10.0,
    10.0,
    10.0,
    10.0,
    10.0,
    10.0,
    10.0,
    10.0,
    10.0,
    10.0,
    10.0,
    10.0,
    10.0,
    10.0,
    10.0,
    10.0,
    10.0,
    10.0
  ],
  "ep_length_mean_T": [
    10,
    10010,
    20010,
    30010,
    40010,
    50010,
    60010,
    70010,
    80010,
    90010,
    100010,
    110010,
    120010,
    130010,
    140010,
    150010,
    160010,
    170010,
    180010,
    190010,
    200010
  ],
  "episode": [
    1000,
    2000,
    3000,
    4000,
    5000,
    6000,
    7000,
    8000,
    9000,
    10000,
    11000,
    12000,
    13000,
    14000,
    15000,
    16000,
    17000,
    18000,
    19000,
    20000
  ],
  "episode_T": [
    10000,
    20000,
    30000,
    40000,
    50000,
    60000,
    70000,
    80000,
    90000,
    100000,
    110000,
    120000,
    130000,
    140000,
    150000,
    160000,
    170000,
    180000,
    190000,
    200000
  ],
  "epsilon": [
    1.0,
    0.81,
    0.6200000000000001,
    0.43000000000000005,
    0.2400000000000001,
    0.050000000000000155,
    0.05,
    0.05,
    0.05,
    0.05,
    0.05,
    0.05,
    0.05,
    0.05,
    0.05,
    0.05,
    0.05,
    0.05,
    0.05,
    0.05,
    0.05
  ],
  "epsilon_T": [
    10,
    10010,
    20010,
    30010,
    40010,
    50010,
    60010,
    70010,
    80010,
    90010,
    100010,
    110010,
    120010,
    130010,
    140010,
    150010,
    160010,
    170010,
    180010,
    190010,
    200010
  ],
  "grad_norm": [
    385.4960632324219,
    41.15080642700195,
    53.8775749206543,
    70.73779296875,
    36.61886215209961,
    42.7079963684082,
    47.59507751464844,
    65.53611755371094,
    55.24675750732422,
    49.15919494628906,
    84.99085998535156,
    37.91239929199219,
    48.3975715637207,
    41.79243469238281,
    37.92150115966797,
    65.611328125,
    20.89732551574707,
    62.59537887573242,
    58.20853805541992,
    47.345401763916016,
    54.2859992980957
  ],
  "grad_norm_T": [
    320,
    10320,
    20320,
    30320,
    40320,
    50320,
    60320,
    70320,
    80320,
    90320,
    100320,
    110320,
    120320,
    130320,
    140320,
    150320,
    160320,
    170320,
    180320,
    190320,
    200320
  ],
  "loss": [
    147.61758422851562,
    2.846928119659424,
    5.260283470153809,
    5.653908729553223,
    4.244776248931885,
    2.4156382083892822,
    1.4840123653411865,
    1.6180013418197632,
    1.0384747982025146,
    0.9506943821907043,
    1.3739432096481323,
    0.7911226749420166,
    0.9470905065536499,
    0.8565934896469116,
    0.9017648696899414,
    1.0431758165359497,
    1.050773024559021,
    1.2126904726028442,
    0.9939588308334351,
    0.8231533169746399,
    1.0086809396743774
  ],
  "loss_T": [
    320,
    10320,
    20320,
    30320,
    40320,
    50320,
    60320,
    70320,
    80320,
    90320,
    100320,
    110320,
    120320,
    130320,
    140320,
    150320,
    160320,
    170320,
    180320,
    190320,
    200320
  ],
  "q_taken_mean": [
    0.002188987135887146,
    0.0004651733736197154,
    0.00943217436472575,
    0.010050315062204997,
    0.009030905564626058,
    0.009254754384358724,
    0.010284519195556641,
    0.017356955210367838,
    0.01864962577819824,
    0.01714085102081299,
    0.020430855751037598,
    0.019439587593078612,
    0.011869567235310872,
    0.009698047637939453,
    0.010530085563659667,
    0.009399600028991699,
    0.006811700661977132,
    0.005910359223683675,
    0.004791942834854126,
    0.001132123867670695,
    0.003049529790878296
  ],
  "q_taken_mean_T": [
    320,
    10320,
    20320,
    30320,
    40320,
    50320,
    60320,
    70320,
    80320,
    90320,
    100320,
    110320,
    120320,
    130320,
    140320,
    150320,
    160320,
    170320,
    180320,
    190320,
    200320
  ],
  "return_mean": [
    -117.0,
    -107.537,
    -82.25,
    -56.8465,
    -29.24,
    1.0935,
    18.568,
    19.6305,
    20.4345,
    20.777,
    20.8315,
    21.217,
    21.364,
    21.17,
    21.13,
    21.235,
    20.9155,
    20.663,
    20.7975,
    20.77,
    20.933
  ],
  "return_mean_T": [
    10,
    10010,
    20010,
    30010,
    40010,
    50010,
    60010,
    70010,
    80010,
    90010,
    100010,
    110010,
    120010,
    130010,
    140010,
    150010,
    160010,
    170010,
    180010,
    190010,
    200010
  ],
  "return_std": [
    0.0,
    9.08199487998094,
    10.533422995398979,
    10.729780414808124,
    11.44346538422693,
    11.759826008491792,
    4.874410323310913,
    4.77495756525647,
    4.5600394461013165,
    4.810121724031524,
    4.7394469877824354,
    4.712580078895212,
    4.886154316024004,
    5.16411657498163,
    5.068786837104121,
    4.814174384045514,
    5.101579142775304,
    5.262169799616884,
    5.15157682171197,
    5.219396516839853,
    5.031750291896449
  ],
  "return_std_T": [
    10,
    10010,
    20010,
    30010,
    40010,
    50010,
    60010,
    70010,
    80010,
    90010,
    100010,
    110010,
    120010,
    130010,
    140010,
    150010,
    160010,
    170010,
    180010,
    190010,
    200010
  ],
  "scaned_mean": [
    2.0,
    1.528,
    4.025,
    6.46,
    10.765,
    16.126,
    19.951,
    21.032,
    22.127,
    22.625,
    23.067,
    23.4,
    23.604,
    23.733,
    23.758,
    23.76,
    23.7,
    23.722,
    23.566,
    23.669,
    23.816
  ],
  "scaned_mean_T": [
    10,
    10010,
    20010,
    30010,
    40010,
    50010,
    60010,
    70010,
    80010,
    90010,
    100010,
    110010,
    120010,
    130010,
    140010,
    150010,
    160010,
    170010,
    180010,
    190010,
    200010
  ],
  "target_mean": [
    -0.8060837809244792,
    -0.5569723510742187,
    -0.14912821451822916,
    -0.11030513763427735,
    0.09179525375366211,
    0.4166636657714844,
    0.5439052327473959,
    0.6976177469889323,
    0.7861529541015625,
    0.8160128784179688,
    0.9946315511067708,
    1.0628885904947916,
    0.9616780598958333,
    0.9457373046875,
    0.9772102864583333,
    1.0726841227213542,
    1.0093086751302083,
    0.9940634155273438,
    1.0101959228515625,
    0.9634480794270833,
    1.0292852783203126
  ],
  "target_mean_T": [
    320,
    10320,
    20320,
    30320,
    40320,
    50320,
    60320,
    70320,
    80320,
    90320,
    100320,
    110320,
    120320,
    130320,
    140320,
    150320,
    160320,
    170320,
    180320,
    190320,
    200320
  ],
  "td_error_abs": [
    12.03476333618164,
    1.3543825149536133,
    1.755500030517578,
    1.8908897399902345,
    1.613812255859375,
    1.2387792587280273,
    0.9717110633850098,
    1.0263126373291016,
    0.8060821533203125,
    0.7679800033569336,
    0.9346357345581054,
    0.6990999221801758,
    0.7831456184387207,
    0.7178441047668457,
    0.7172736644744873,
    0.796682071685791,
    0.7538325786590576,
    0.8727299690246582,
    0.7786747455596924,
    0.6914827823638916,
    0.7699994087219239
  ],
  "td_error_abs_T": [
    320,
    10320,
    20320,
    30320,
    40320,
    50320,
    60320,
    70320,
    80320,
    90320,
    100320,
    110320,
    120320,
    130320,
    140320,
    150320,
    160320,
    170320,
    180320,
    190320,
    200320
  ],