{
  "battle_won_mean": [
    0.0,
    0.0,
    0.0,
    0.0,
    0.0,
    0.0,
    0.0,
    0.0,
    0.0,
    0.0,
    0.0,
    0.0,
    0.0,
    0.0,
    0.0,
    0.0,
    0.0,
    0.0,
    0.0,
    0.0,
    0.0
  ],
  "battle_won_mean_T": [
    10,
    10010,
    20010,
    30010,
    40010,
    50010,
    60010,
    70010,
    80010,
    90010,
    100010,
    110010,
    120010,
    130010,
    140010,
    150010,
    160010,
    170010,
    180010,
    190010,
    200010
  ],
  "ep_length_mean": [
    10.0,
    10.0,
    10.0,
    10.0,
    10.0,
    10.0,
    10.0,
    10.0,
    10.0,
    10.0,
    10.0,
    10.0,
    10.0,
    10.0,
    10.0,
    10.0,
    10.0,
    10.0,
    10.0,
    10.0,
    10.0
  ],
  "ep_length_mean_T": [
    10,
    10010,
    20010,
    30010,
    40010,
    50010,
    60010,
    70010,
    80010,
    90010,
    100010,
    110010,
    120010,
    130010,
    140010,
    150010,
    160010,
    170010,
    180010,
    190010,
    200010
  ],
  "episode": [
    1000,
    2000,
    3000,
    4000,
    5000,
    6000,
    7000,
    8000,
    9000,
    10000,
    11000,
    12000,
    13000,
    14000,
    15000,
    16000,
    17000,
    18000,
    19000,
    20000
  ],
  "episode_T": [
    10000,
    20000,
    30000,
    40000,
    50000,
    60000,
    70000,
    80000,
    90000,
    100000,
    110000,
    120000,
    130000,
    140000,
    150000,
    160000,
    170000,
    180000,
    190000,
    200000
  ],
  "epsilon": [
    1.0,
    0.81,
    0.6200000000000001,
    0.43000000000000005,
    0.2400000000000001,
    0.050000000000000155,
    0.05,
    0.05,
    0.05,
    0.05,
    0.05,
    0.05,
    0.05,
    0.05,
    0.05,
    0.05,
    0.05,
    0.05,
    0.05,
    0.05,
    0.05
  ],
  "epsilon_T": [
    10,
    10010,
    20010,
    30010,
    40010,
    50010,
    60010,
    70010,
    80010,
    90010,
    100010,
    110010,
    120010,
    130010,
    140010,
    150010,
    160010,
    170010,
    180010,
    190010,
    200010
  ],
  "grad_norm": [
    193.97715759277344,
    16.57256507873535,
    5.924172401428223,
    6.754856586456299,
    0.5039883255958557,
    0.3027205169200897,
    4.345631122589111,
    16.983943939208984,
    10.804418563842773,
    2.255817413330078,
    1.613304853439331,
    3.98309588432312,
    4.320589542388916,
    1.7138172388076782,
    0.7924990653991699,
    0.8272101283073425,
    3.9133479595184326,
    0.9925791025161743,
    1.105633020401001,
    1.6701971292495728,
    1.1458271741867065
  ],
  "grad_norm_T": [
    320,
    10320,
    20320,
    30320,
    40320,
    50320,
    60320,
    70320,
    80320,
    90320,
    100320,
    110320,
    120320,
    130320,
    140320,
    150320,
    160320,
    170320,
    180320,
    190320,
    200320
  ],
  "loss": [
    143.9690704345703,
    1.3564928770065308,
    1.1865036487579346,
    0.5034842491149902,
    0.4878598153591156,
    0.3121722340583801,
    0.9567049741744995,
    1.9216114282608032,
    1.5902612209320068,
    1.4140431880950928,
    1.3287162780761719,
    1.4225307703018188,
    1.4950860738754272,
    1.7717262506484985,
    1.2887089252471924,
    1.5152978897094727,
    1.468738317489624,
    1.3262970447540283,
    1.6055371761322021,
    1.4758851528167725,
    1.4531694650650024
  ],
  "loss_T": [
    320,
    10320,
    20320,
    30320,
    40320,
    50320,
    60320,
    70320,
    80320,
    90320,
    100320,
    110320,
    120320,
    130320,
    140320,
    150320,
    160320,
    170320,
    180320,
    190320,
    200320
  ],
  "q_taken_mean": [
    0.024521161715189616,
    -0.8537577311197917,
    -0.8012703959147135,
    -0.5742911783854167,
    -0.46696136474609373,
    -0.3739987436930339,
    -0.23649800618489583,
    0.15802384694417318,
    0.38642857869466146,
    0.41692049662272135,
    0.428997802734375,
    0.4154665120442708,
    0.42467122395833334,
    0.4221682993570964,
    0.43328903198242186,
    0.4474354044596354,
    0.4748118591308594,
    0.43951929728190103,
    0.4557996622721354,
    0.4444999694824219,
    0.452884521484375
  ],
  "q_taken_mean_T": [
    320,
    10320,
    20320,
    30320,
    40320,
    50320,
    60320,
    70320,
    80320,
    90320,
    100320,
    110320,
    120320,
    130320,
    140320,
    150320,
    160320,
    170320,
    180320,
    190320,
    200320
  ],
  "return_mean": [
    -115.0,
    -107.223,
    -85.746,
    -63.3335,
    -40.6865,
    -17.7305,
    -3.1435,
    6.807,
    7.3255,
    7.567,
    7.05,
    7.1315,
    7.3595,
    7.3985,
    7.1155,
    7.357,
    7.4535,
    7.0355,
    7.2215,
    7.233,
    7.326
  ],
  "return_mean_T": [
    10,
    10010,
    20010,
    30010,
    40010,
    50010,
    60010,
    70010,
    80010,
    90010,
    100010,
    110010,
    120010,
    130010,
    140010,
    150010,
    160010,
    170010,
    180010,
    190010,
    200010
  ],
  "return_std": [
    0.0,
    9.047417918942399,
    8.938399409290234,
    8.862422228149594,
    8.690193769416192,
    7.8445917516464805,
    5.229211962619225,
    4.575123058454275,
    4.618906770005214,
    4.7640855365956645,
    4.655104724922953,
    4.8562287579973,
    4.666798661823756,
    4.741724132633614,
    4.575249692639736,
    4.862412055759981,
    4.691810711228662,
    4.621524613155273,
    4.8953741174704914,
    4.605291630287924,
    4.6241998226720264
  ],
  "return_std_T": [
    10,
    10010,
    20010,
    30010,
    40010,
    50010,
    60010,
    70010,
    80010,
    90010,
    100010,
    110010,
    120010,
    130010,
    140010,
    150010,
    160010,
    170010,
    180010,
    190010,
    200010
  ],
  "scaned_mean": [
    4.0,
    1.318,
    0.768,
    0.457,
    0.209,
    0.029,
    1.674,
    7.017,
    7.273,
    7.405,
    7.216,
    7.274,
    7.307,
    7.357,
    7.15,
    7.384,
    7.354,
    7.206,
    7.329,
    7.264,
    7.336
  ],
  "scaned_mean_T": [
    10,
    10010,
    20010,
    30010,
    40010,
    50010,
    60010,
    70010,
    80010,
    90010,
    100010,
    110010,
    120010,
    130010,
    140010,
    150010,
    160010,
    170010,
    180010,
    190010,
    200010
  ],
  "target_mean": [
    -0.7664028422037761,
    -0.8753963216145834,
    -0.7933099365234375,
    -0.5643074544270833,
    -0.46736226399739583,
    -0.3740497843424479,
    -0.24316014607747397,
    0.17570968627929687,
    0.37078715006510415,
    0.4120053863525391,
    0.4321351114908854,
    0.4029429372151693,
    0.43914388020833334,
    0.42828893025716147,
    0.43313588460286456,
    0.4487193298339844,
    0.46162556966145835,
    0.43939290364583333,
    0.4581535847981771,
    0.4365478006998698,
    0.454119618733724
  ],
  "target_mean_T": [
    320,
    10320,
    20320,
    30320,
    40320,
    50320,
    60320,
    70320,
    80320,
    90320,
    100320,
    110320,
    120320,
    130320,
    140320,
    150320,
    160320,
    170320,
    180320,
    190320,
    200320
  ],
  "td_error_abs": [
    11.863859558105469,
    0.8884162902832031,
    0.5387616157531738,
    0.34363222122192383,
    0.380077862739563,
    0.2884268045425415,
    0.7058184623718262,
    1.0757247924804687,
    1.0608009338378905,
    0.9726272583007812,
    0.9655006408691407,
    1.010300636291504,
    1.0467615127563477,
    1.133384895324707,
    0.967647933959961,
    1.0330385208129882,
    0.9649717330932617,
    0.9854183197021484,
    1.0580945014953613,
    1.0227405548095703,
    1.0369152069091796
  ],
  "td_error_abs_T": [
    320,
    10320,
    20320,
    30320,
    40320,
    50320,
    60320,
    70320,
    80320,
    90320,
    100320,
    110320,
    120320,
    130320,
    140320,
    150320,
    160320,
    170320,
    180320,
    190320,
    200320
  ],