{
  "battle_won_mean": [
    0.0,
    0.0,
    0.0,
    0.0,
    0.0,
    0.0,
    0.0,
    0.0,
    0.0,
    0.0,
    0.0,
    0.0,
    0.0,
    0.0,
    0.0,
    0.0,
    0.0,
    0.0,
    0.0,
    0.0,
    0.0
  ],
  "battle_won_mean_T": [
    10,
    10010,
    20010,
    30010,
    40010,
    50010,
    60010,
    70010,
    80010,
    90010,
    100010,
    110010,
    120010,
    130010,
    140010,
    150010,
    160010,
    170010,
    180010,
    190010,
    200010
  ],
  "ep_length_mean": [
    10.0,
    10.0,
    10.0,
    10.0,
    10.0,
    10.0,
    10.0,
    10.0,
    10.0,
    10.0,
    10.0,
    10.0,
    10.0,
    10.0,
    10.0,
    10.0,
    10.0,
    10.0,
    10.0,
    10.0,
    10.0
  ],
  "ep_length_mean_T": [
    10,
    10010,
    20010,
    30010,
    40010,
    50010,
    60010,
    70010,
    80010,
    90010,
    100010,
    110010,
    120010,
    130010,
    140010,
    150010,
    160010,
    170010,
    180010,
    190010,
    200010
  ],
  "episode": [
    1000,
    2000,
    3000,
    4000,
    5000,
    6000,
    7000,
    8000,
    9000,
    10000,
    11000,
    12000,
    13000,
    14000,
    15000,
    16000,
    17000,
    18000,
    19000,
    20000
  ],
  "episode_T": [
    10000,
    20000,
    30000,
    40000,
    50000,
    60000,
    70000,
    80000,
    90000,
    100000,
    110000,
    120000,
    130000,
    140000,
    150000,
    160000,
    170000,
    180000,
    190000,
    200000
  ],
  "epsilon": [
    1.0,
    0.81,
    0.6200000000000001,
    0.43000000000000005,
    0.2400000000000001,
    0.050000000000000155,
    0.05,
    0.05,
    0.05,
    0.05,
    0.05,
    0.05,
    0.05,
    0.05,
    0.05,
    0.05,
    0.05,
    0.05,
    0.05,
    0.05,
    0.05
  ],
  "epsilon_T": [
    10,
    10010,
    20010,
    30010,
    40010,
    50010,
    60010,
    70010,
    80010,
    90010,
    100010,
    110010,
    120010,
    130010,
    140010,
    150010,
    160010,
    170010,
    180010,
    190010,
    200010
  ],
  "grad_norm": [
    104.0633544921875,
    56.43685531616211,
    22.10819435119629,
    15.843348503112793,
    12.982837677001953,
    12.849600791931152,
    32.26588439941406,
    37.65348815917969,
    32.524803161621094,
    49.43548583984375,
    56.20780944824219,
    43.02776336669922,
    48.335487365722656,
    47.441795349121094,
    42.74716567993164,
    40.57105255126953,
    28.71584701538086,
    34.42718505859375,
    29.44192886352539,
    26.121217727661133,
    36.3323974609375
  ],
  "grad_norm_T": [
    320,
    10320,
    20320,
    30320,
    40320,
    50320,
    60320,
    70320,
    80320,
    90320,
    100320,
    110320,
    120320,
    130320,
    140320,
    150320,
    160320,
    170320,
    180320,
    190320,
    200320
  ],
  "loss": [
    141.05398559570312,
    2.724443197250366,
    1.2804934978485107,
    1.5308513641357422,
    3.694354295730591,
    2.1962428092956543,
    2.199345111846924,
    1.5142470598220825,
    1.2084499597549438,
    1.1836010217666626,
    1.29684579372406,
    1.2631503343582153,
    1.091784119606018,
    1.1559855937957764,
    0.8972263336181641,
    0.9057518839836121,
    0.9445375204086304,
    0.9255539178848267,
    1.1003515720367432,
    1.0270878076553345,
    1.0697355270385742
  ],
  "loss_T": [
    320,
    10320,
    20320,
    30320,
    40320,
    50320,
    60320,
    70320,
    80320,
    90320,
    100320,
    110320,
    120320,
    130320,
    140320,
    150320,
    160320,
    170320,
    180320,
    190320,
    200320
  ],
  "q_taken_mean": [
    0.0004926638801892599,
    -0.017964849472045897,
    -0.057822920481363935,
    -0.040149383544921875,
    -0.012975766658782958,
    0.004138410886128744,
    0.01068629821141561,
    0.0314073117574056,
    0.030681864420572916,
    0.04044365564982096,
    0.04631139437357585,
    0.04410270055135091,
    0.040434621175130206,
    0.03840613683064779,
    0.03790979067484538,
    0.03919537862141927,
    0.03741594950358073,
    0.036202859878540036,
    0.03395859400431315,
    0.03319363911946615,
    0.03155963579813639
  ],
  "q_taken_mean_T": [
    320,
    10320,
    20320,
    30320,
    40320,
    50320,
    60320,
    70320,
    80320,
    90320,
    100320,
    110320,
    120320,
    130320,
    140320,
    150320,
    160320,
    170320,
    180320,
    190320,
    200320
  ],
  "return_mean": [
    -120.0,
    -107.8895,
    -85.4625,
    -61.7595,
    -30.671,
    -5.551,
    8.3495,
    13.1235,
    17.148,
    18.967,
    19.415,
    19.9325,
    19.8485,
    20.0385,
    20.2115,
    20.4125,
    20.887,
    20.7355,
    20.619,
    20.501,
    20.196
  ],
  "return_mean_T": [
    10,
    10010,
    20010,
    30010,
    40010,
    50010,
    60010,
    70010,
    80010,
    90010,
    100010,
    110010,
    120010,
    130010,
    140010,
    150010,
    160010,
    170010,
    180010,
    190010,
    200010
  ],
  "return_std": [
    0.0,
    8.58728942973276,
    9.090893451691093,
    10.620777266754068,
    10.265829679085856,
    9.381945373961628,
    4.8978668571123904,
    4.979306954787986,
    4.740105062126788,
    5.0904725713827395,
    5.021979191514039,
    5.007413878440647,
    4.8727607934311745,
    4.8803450441541525,
    4.863488228627679,
    4.992503755632037,
    4.896501914632526,
    4.887257896816987,
    4.903145826915614,
    4.987283729646831,
    5.226957432388367
  ],
  "return_std_T": [
    10,
    10010,
    20010,
    30010,
    40010,
    50010,
    60010,
    70010,
    80010,
    90010,
    100010,
    110010,
    120010,
    130010,
    140010,
    150010,
    160010,
    170010,
    180010,
    190010,
    200010
  ],
  "scaned_mean": [
    1.0,
    1.19,
    0.95,
    2.203,
    6.592,
    7.094,
    8.582,
    15.236,
    19.14,
    20.837,
    21.444,
    21.868,
    21.951,
    22.176,
    22.345,
    22.591,
    22.89,
    23.017,
    23.064,
    23.079,
    23.039
  ],
  "scaned_mean_T": [
    10,
    10010,
    20010,
    30010,
    40010,
    50010,
    60010,
    70010,
    80010,
    90010,
    100010,
    110010,
    120010,
    130010,
    140010,
    150010,
    160010,
    170010,
    180010,
    190010,
    200010
  ],
  "target_mean": [
    -0.7603444925944011,
    -0.11187625885009765,
    -0.3545127360026042,
    -0.29351348876953126,
    -0.06339460372924804,
    0.14643995920817057,
    0.2818445332845052,
    0.5262753295898438,
    0.5323648071289062,
    0.6885770670572917,
    0.7802599589029948,
    0.8130404663085937,
    0.8450269571940104,
    0.8574456787109375,
    0.886221923828125,
    0.907174072265625,
    0.8967544555664062,
    0.9117881266276041,
    0.9191609700520833,
    0.9087665812174479,
    0.9244431559244791
  ],
  "target_mean_T": [
    320,
    10320,
    20320,
    30320,
    40320,
    50320,
    60320,
    70320,
    80320,
    90320,
    100320,
    110320,
    120320,
    130320,
    140320,
    150320,
    160320,
    170320,
    180320,
    190320,
    200320
  ],
  "td_error_abs": [
    11.737098693847656,
    1.3656429290771483,
    0.6968037605285644,
    0.866755485534668,
    1.5290196418762207,
    1.2268241882324218,
    1.1690361976623536,
    0.9573750495910645,
    0.8346785545349121,
    0.8701051712036133,
    0.9130178451538086,
    0.8345294952392578,
    0.8058205604553222,
    0.8663719177246094,
    0.7463953018188476,
    0.749436616897583,
    0.7553558349609375,
    0.7450815200805664,
    0.7763863563537597,
    0.7704591751098633,
    0.7757276058197021
  ],
  "td_error_abs_T": [
    320,
    10320,
    20320,
    30320,
    40320,
    50320,
    60320,
    70320,
    80320,
    90320,
    100320,
    110320,
    120320,
    130320,
    140320,
    150320,
    160320,
    170320,
    180320,
    190320,
    200320
  ],