{
  "battle_won_mean": [
    0.0,
    0.0,
    0.0,
    0.0,
    0.0,
    0.0,
    0.0,
    0.0,
    0.0,
    0.0,
    0.0,
    0.0,
    0.0,
    0.0,
    0.0,
    0.0,
    0.0,
    0.0,
    0.0,
    0.0,
    0.0
  ],
  "battle_won_mean_T": [
    10,
    10010,
    20010,
    30010,
    40010,
    50010,
    60010,
    70010,
    80010,
    90010,
    100010,
    110010,
    120010,
    130010,
    140010,
    150010,
    160010,
    170010,
    180010,
    190010,
    200010
  ],
  "ep_length_mean": [
    10.0,
    10.0,
    10.0,
    10.0,
    10.0,
    10.0,
    10.0,
    10.0,
    10.0,
    10.0,
    10.0,
    10.0,
    10.0,
    10.0,
    10.0,
    10.0,
    10.0,
    10.0,
    10.0,
    10.0,
    10.0
  ],
  "ep_length_mean_T": [
    10,
    10010,
    20010,
    30010,
    40010,
    50010,
    60010,
    70010,
    80010,
    90010,
    100010,
    110010,
    120010,
    130010,
    140010,
    150010,
    160010,
    170010,
    180010,
    190010,
    200010
  ],
  "episode": [
    1000,
    2000,
    3000,
    4000,
    5000,
    6000,
    7000,
    8000,
    9000,
    10000,
    11000,
    12000,
    13000,
    14000,
    15000,
    16000,
    17000,
    18000,
    19000,
    20000
  ],
  "episode_T": [
    10000,
    20000,
    30000,
    40000,
    50000,
    60000,
    70000,
    80000,
    90000,
    100000,
    110000,
    120000,
    130000,
    140000,
    150000,
    160000,
    170000,
    180000,
    190000,
    200000
  ],
  "epsilon": [
    1.0,
    0.81,
    0.6200000000000001,
    0.43000000000000005,
    0.2400000000000001,
    0.050000000000000155,
    0.05,
    0.05,
    0.05,
    0.05,
    0.05,
    0.05,
    0.05,
    0.05,
    0.05,
    0.05,
    0.05,
    0.05,
    0.05,
    0.05,
    0.05
  ],
  "epsilon_T": [
    10,
    10010,
    20010,
    30010,
    40010,
    50010,
    60010,
    70010,
    80010,
    90010,
    100010,
    110010,
    120010,
    130010,
    140010,
    150010,
    160010,
    170010,
    180010,
    190010,
    200010
  ],
  "grad_norm": [
    459.57275390625,
    20.32970428466797,
    68.12438201904297,
    36.201847076416016,
    33.65849304199219,
    38.57492446899414,
    40.998451232910156,
    43.273277282714844,
    55.23667526245117,
    76.0286636352539,
    62.465660095214844,
    59.655887603759766,
    42.1275520324707,
    59.389217376708984,
    70.49689483642578,
    33.342491149902344,
    67.89623260498047,
    35.82842254638672,
    49.924686431884766,
    53.44502258300781,
    24.123512268066406
  ],
  "grad_norm_T": [
    320,
    10320,
    20320,
    30320,
    40320,
    50320,
    60320,
    70320,
    80320,
    90320,
    100320,
    110320,
    120320,
    130320,
    140320,
    150320,
    160320,
    170320,
    180320,
    190320,
    200320
  ],
  "loss": [
    134.23402404785156,
    1.2147408723831177,
    7.278097629547119,
    4.508472442626953,
    3.658949375152588,
    1.8820734024047852,
    1.8030891418457031,
    1.2201764583587646,
    1.2541770935058594,
    1.3849613666534424,
    1.1621829271316528,
    1.0540838241577148,
    1.077649712562561,
    1.1843169927597046,
    1.1404297351837158,
    1.0420405864715576,
    1.228766918182373,
    1.0792683362960815,
    0.8181297183036804,
    0.9704362750053406,
    0.7731246948242188
  ],
  "loss_T": [
    320,
    10320,
    20320,
    30320,
    40320,
    50320,
    60320,
    70320,
    80320,
    90320,
    100320,
    110320,
    120320,
    130320,
    140320,
    150320,
    160320,
    170320,
    180320,
    190320,
    200320
  ],
  "q_taken_mean": [
    0.0015130118529001872,
    -0.0019431606928507488,
    0.009743847846984864,
    0.016696306864420574,
    0.01003369410832723,
    0.003285525639851888,
    0.01570897102355957,
    0.012415468692779541,
    0.012065033912658691,
    0.011301843325297038,
    0.011410308678944906,
    0.0040598050753275555,
    0.003326245943705241,
    -0.00015731345862150193,
    -0.0011933727065722149,
    -0.00705538272857666,
    -0.0025774500767389934,
    -0.0025951194763183592,
    -0.004806374708811442,
    -0.00440349817276001,
    -0.007782330513000488
  ],
  "q_taken_mean_T": [
    320,
    10320,
    20320,
    30320,
    40320,
    50320,
    60320,
    70320,
    80320,
    90320,
    100320,
    110320,
    120320,
    130320,
    140320,
    150320,
    160320,
    170320,
    180320,
    190320,
    200320
  ],
  "return_mean": [
    -124.0,
    -107.658,
    -83.2285,
    -56.448,
    -30.373,
    -4.2075,
    10.2005,
    14.5855,
    17.1075,
    18.2525,
    19.5795,
    19.4925,
    19.6635,
    19.778,
    19.633,
    19.5285,
    20.0685,
    19.825,
    20.0385,
    19.926,
    20.1635
  ],
  "return_mean_T": [
    10,
    10010,
    20010,
    30010,
    40010,
    50010,
    60010,
    70010,
    80010,
    90010,
    100010,
    110010,
    120010,
    130010,
    140010,
    150010,
    160010,
    170010,
    180010,
    190010,
    200010
  ],
  "return_std": [
    0.0,
    8.495206648457705,
    10.764851961360176,
    10.96618876364984,
    9.99756825433065,
    9.532743243683846,
    5.037166837618147,
    5.051330493048342,
    4.793035963770771,
    4.772472498611176,
    4.808630756254841,
    4.863557725574973,
    4.807495995838166,
    4.939758698560083,
    4.751716637174401,
    4.968242923811194,
    4.813996027210658,
    4.906411621541755,
    4.901812700420121,
    4.975844049003144,
    4.933053592857066
  ],
  "return_std_T": [
    10,
    10010,
    20010,
    30010,
    40010,
    50010,
    60010,
    70010,
    80010,
    90010,
    100010,
    110010,
    120010,
    130010,
    140010,
    150010,
    160010,
    170010,
    180010,
    190010,
    200010
  ],
  "scaned_mean": [
    0.0,
    1.309,
    3.336,
    5.665,
    7.142,
    8.449,
    11.09,
    16.335,
    18.733,
    20.132,
    21.087,
    21.321,
    21.435,
    21.358,
    21.345,
    21.609,
    21.889,
    21.949,
    21.969,
    22.067,
    22.162
  ],
  "scaned_mean_T": [
    10,
    10010,
    20010,
    30010,
    40010,
    50010,
    60010,
    70010,
    80010,
    90010,
    100010,
    110010,
    120010,
    130010,
    140010,
    150010,
    160010,
    170010,
    180010,
    190010,
    200010
  ],
  "target_mean": [
    -0.7733475748697917,
    -0.612415517171224,
    -0.2050627899169922,
    0.12511873881022134,
    -0.011524130503336588,
    0.11038945515950521,
    0.40030232747395833,
    0.48053192138671874,
    0.5679290771484375,
    0.7189690144856771,
    0.8571378580729166,
    0.8282398478190104,
    0.8755474853515625,
    0.8653948974609375,
    0.947581787109375,
    0.8531226603190104,
    0.9013857014973958,
    0.9444639078776041,
    0.923980712890625,
    0.9773975626627605,
    0.9469440714518229
  ],
  "target_mean_T": [
    320,
    10320,
    20320,
    30320,
    40320,
    50320,
    60320,
    70320,
    80320,
    90320,
    100320,
    110320,
    120320,
    130320,
    140320,
    150320,
    160320,
    170320,
    180320,
    190320,
    200320
  ],
  "td_error_abs": [
    11.441484832763672,
    0.8963274955749512,
    2.1258949279785155,
    1.6886802673339845,
    1.5410018920898438,
    1.095838451385498,
    1.039027786254883,
    0.8473704338073731,
    0.8805411338806153,
    0.942573356628418,
    0.8563307762145996,
    0.8047384262084961,
    0.859121036529541,
    0.8462423324584961,
    0.850765323638916,
    0.807261848449707,
    0.8387075424194336,
    0.8085203170776367,
    0.6818931102752686,
    0.7511735439300538,
    0.6930770874023438
  ],
  "td_error_abs_T": [
    320,
    10320,
    20320,
    30320,
    40320,
    50320,
    60320,
    70320,
    80320,
    90320,
    100320,
    110320,
    120320,
    130320,
    140320,
    150320,
    160320,
    170320,
    180320,
    190320,
    200320
  ],