{
  "battle_won_mean": [
    0.0,
    0.0,
    0.0,
    0.0,
    0.0,
    0.0,
    0.0,
    0.0,
    0.0,
    0.0,
    0.0,
    0.0,
    0.0,
    0.0,
    0.0,
    0.0,
    0.0,
    0.0,
    0.0,
    0.0,
    0.0
  ],
  "battle_won_mean_T": [
    10,
    10010,
    20010,
    30010,
    40010,
    50010,
    60010,
    70010,
    80010,
    90010,
    100010,
    110010,
    120010,
    130010,
    140010,
    150010,
    160010,
    170010,
    180010,
    190010,
    200010
  ],
  "ep_length_mean": [
    10.0,
    10.0,
    10.0,
    10.0,
    10.0,
    10.0,
    10.0,
    10.0,
    10.0,
    10.0,
    10.0,
    10.0,
    10.0,
    10.0,
    10.0,
    10.0,
    10.0,
    10.0,
    10.0,
    10.0,
    10.0
  ],
  "ep_length_mean_T": [
    10,
    10010,
    20010,
    30010,
    40010,
    50010,
    60010,
    70010,
    80010,
    90010,
    100010,
    110010,
    120010,
    130010,
    140010,
    150010,
    160010,
    170010,
    180010,
    190010,
    200010
  ],
  "episode": [
    1000,
    2000,
    3000,
    4000,
    5000,
    6000,
    7000,
    8000,
    9000,
    10000,
    11000,
    12000,
    13000,
    14000,
    15000,
    16000,
    17000,
    18000,
    19000,
    20000
  ],
  "episode_T": [
    10000,
    20000,
    30000,
    40000,
    50000,
    60000,
    70000,
    80000,
    90000,
    100000,
    110000,
    120000,
    130000,
    140000,
    150000,
    160000,
    170000,
    180000,
    190000,
    200000
  ],
  "epsilon": [
    1.0,
    0.81,
    0.6200000000000001,
    0.43000000000000005,
    0.2400000000000001,
    0.050000000000000155,
    0.05,
    0.05,
    0.05,
    0.05,
    0.05,
    0.05,
    0.05,
    0.05,
    0.05,
    0.05,
    0.05,
    0.05,
    0.05,
    0.05,
    0.05
  ],
  "epsilon_T": [
    10,
    10010,
    20010,
    30010,
    40010,
    50010,
    60010,
    70010,
    80010,
    90010,
    100010,
    110010,
    120010,
    130010,
    140010,
    150010,
    160010,
    170010,
    180010,
    190010,
    200010
  ],
  "grad_norm": [
    216.59735107421875,
    82.0205078125,
    40.36577606201172,
    18.27678871154785,
    32.47404479980469,
    32.46048355102539,
    60.99774932861328,
    38.61918258666992,
    39.21645736694336,
    53.00898361206055,
    47.2426872253418,
    70.02694702148438,
    28.100553512573242,
    31.327102661132812,
    38.782501220703125,
    31.217859268188477,
    43.95096969604492,
    33.132476806640625,
    23.23430633544922,
    13.476174354553223,
    60.28588104248047
  ],
  "grad_norm_T": [
    320,
    10320,
    20320,
    30320,
    40320,
    50320,
    60320,
    70320,
    80320,
    90320,
    100320,
    110320,
    120320,
    130320,
    140320,
    150320,
    160320,
    170320,
    180320,
    190320,
    200320
  ],
  "loss": [
    140.71055603027344,
    2.8275821208953857,
    4.7884721755981445,
    4.030138969421387,
    2.7017505168914795,
    2.092944383621216,
    1.7361171245574951,
    1.3055633306503296,
    1.070968747138977,
    1.3196659088134766,
    1.1167925596237183,
    1.406852126121521,
    1.0776116847991943,
    1.1489454507827759,
    1.2454544305801392,
    1.1726937294006348,
    1.176563024520874,
    1.2757724523544312,
    1.0000816583633423,
    1.033381462097168,
    1.1728284358978271
  ],
  "loss_T": [
    320,
    10320,
    20320,
    30320,
    40320,
    50320,
    60320,
    70320,
    80320,
    90320,
    100320,
    110320,
    120320,
    130320,
    140320,
    150320,
    160320,
    170320,
    180320,
    190320,
    200320
  ],
  "q_taken_mean": [
    -0.00028416772683461506,
    -0.05342383066813151,
    -0.025819199879964193,
    -0.01755936622619629,
    -0.018839658101399738,
    -0.025711706479390462,
    -0.00023512880007425945,
    -0.0016229132811228435,
    -0.0022486003239949545,
    -0.002491614818572998,
    -0.004258082707722982,
    -0.004956870873769124,
    -0.012055122057596842,
    -0.013976672490437825,
    -0.013733971913655598,
    -0.012843108177185059,
    -0.014277019500732423,
    -0.010328661600748698,
    -0.015222771962483724,
    -0.01577837944030762,
    -0.017059523264567056
  ],
  "q_taken_mean_T": [
    320,
    10320,
    20320,
    30320,
    40320,
    50320,
    60320,
    70320,
    80320,
    90320,
    100320,
    110320,
    120320,
    130320,
    140320,
    150320,
    160320,
    170320,
    180320,
    190320,
    200320
  ],
  "return_mean": [
    -118.0,
    -107.843,
    -84.3285,
    -57.279,
    -30.133,
    -0.723,
    15.955,
    16.1125,
    16.248,
    16.228,
    16.049,
    16.449,
    16.2635,
    15.8975,
    16.2135,
    16.325,
    16.2655,
    16.3975,
    16.2695,
    15.8485,
    16.1505
  ],
  "return_mean_T": [
    10,
    10010,
    20010,
    30010,
    40010,
    50010,
    60010,
    70010,
    80010,
    90010,
    100010,
    110010,
    120010,
    130010,
    140010,
    150010,
    160010,
    170010,
    180010,
    190010,
    200010
  ],
  "return_std": [
    0.0,
    8.912314570301028,
    10.230607887608635,
    10.895006149608177,
    10.38413747019944,
    11.136798058688143,
    4.693663281489203,
    4.79516357906589,
    4.925900526807255,
    4.705211578664661,
    5.009151524959092,
    4.915628037189145,
    4.919432665460521,
    4.924555182958152,
    5.01459547221907,
    5.032680697203032,
    4.69241512975994,
    4.950226636225861,
    4.943239803003694,
    5.142790852251333,
    4.8483089577707394
  ],
  "return_std_T": [
    10,
    10010,
    20010,
    30010,
    40010,
    50010,
    60010,
    70010,
    80010,
    90010,
    100010,
    110010,
    120010,
    130010,
    140010,
    150010,
    160010,
    170010,
    180010,
    190010,
    200010
  ],
  "scaned_mean": [
    2.0,
    1.261,
    2.276,
    5.526,
    8.204,
    13.562,
    16.81,
    17.157,
    17.48,
    17.784,
    17.889,
    17.877,
    17.971,
    17.73,
    17.841,
    17.918,
    17.862,
    18.055,
    17.89,
    17.869,
    17.846
  ],
  "scaned_mean_T": [
    10,
    10010,
    20010,
    30010,
    40010,
    50010,
    60010,
    70010,
    80010,
    90010,
    100010,
    110010,
    120010,
    130010,
    140010,
    150010,
    160010,
    170010,
    180010,
    190010,
    200010
  ],
  "target_mean": [
    -0.7636105855305989,
    -0.25938992818196616,
    -0.18310497283935548,
    -0.043235244750976565,
    0.0975529416402181,
    0.09896528244018554,
    0.42409044901529946,
    0.4959222412109375,
    0.5918917338053385,
    0.6558126322428386,
    0.6998453776041667,
    0.806697489420573,
    0.7411399841308594,
    0.7605169677734375,
    0.780584716796875,
    0.8066156514485677,
    0.8386635843912761,
    0.8605489095052083,
    0.8106209309895833,
    0.8096244303385417,
    0.7877734883626302
  ],
  "target_mean_T": [
    320,
    10320,
    20320,
    30320,
    40320,
    50320,
    60320,
    70320,
    80320,
    90320,
    100320,
    110320,
    120320,
    130320,
    140320,
    150320,
    160320,
    170320,
    180320,
    190320,
    200320
  ],
  "td_error_abs": [
    11.707051086425782,
    1.2643409729003907,
    1.5647515296936034,
    1.5558819770812988,
    1.300362777709961,
    1.1066328048706056,
    1.0628595352172852,
    0.8670843124389649,
    0.813625717163086,
    0.9253334045410156,
    0.8344085693359375,
    0.9315789222717286,
    0.8134429931640625,
    0.8855583190917968,
    0.8703999519348145,
    0.8632156372070312,
    0.8468378067016602,
    0.8568836212158203,
    0.7631307125091553,
    0.7961668014526367,
    0.8274003982543945
  ],
  "td_error_abs_T": [
    320,
    10320,
    20320,
    30320,
    40320,
    50320,
    60320,
    70320,
    80320,
    90320,
    100320,
    110320,
    120320,
    130320,
    140320,
    150320,
    160320,
    170320,
    180320,
    190320,
    200320
  ],