{
  "battle_won_mean": [
    0.0,
    0.0,
    0.0,
    0.0,
    0.0,
    0.0,
    0.0,
    0.0,
    0.0,
    0.0,
    0.0,
    0.0,
    0.0,
    0.0,
    0.0,
    0.0,
    0.0,
    0.0,
    0.0,
    0.0,
    0.0
  ],
  "battle_won_mean_T": [
    10,
    10010,
    20010,
    30010,
    40010,
    50010,
    60010,
    70010,
    80010,
    90010,
    100010,
    110010,
    120010,
    130010,
    140010,
    150010,
    160010,
    170010,
    180010,
    190010,
    200010
  ],
  "ep_length_mean": [
    10.0,
    10.0,
    10.0,
    10.0,
    10.0,
    10.0,
    10.0,
    10.0,
    10.0,
    10.0,
    10.0,
    10.0,
    10.0,
    10.0,
    10.0,
    10.0,
    10.0,
    10.0,
    10.0,
    10.0,
    10.0
  ],
  "ep_length_mean_T": [
    10,
    10010,
    20010,
    30010,
    40010,
    50010,
    60010,
    70010,
    80010,
    90010,
    100010,
    110010,
    120010,
    130010,
    140010,
    150010,
    160010,
    170010,
    180010,
    190010,
    200010
  ],
  "episode": [
    1000,
    2000,
    3000,
    4000,
    5000,
    6000,
    7000,
    8000,
    9000,
    10000,
    11000,
    12000,
    13000,
    14000,
    15000,
    16000,
    17000,
    18000,
    19000,
    20000
  ],
  "episode_T": [
    10000,
    20000,
    30000,
    40000,
    50000,
    60000,
    70000,
    80000,
    90000,
    100000,
    110000,
    120000,
    130000,
    140000,
    150000,
    160000,
    170000,
    180000,
    190000,
    200000
  ],
  "epsilon": [
    1.0,
    0.81,
    0.6200000000000001,
    0.43000000000000005,
    0.2400000000000001,
    0.050000000000000155,
    0.05,
    0.05,
    0.05,
    0.05,
    0.05,
    0.05,
    0.05,
    0.05,
    0.05,
    0.05,
    0.05,
    0.05,
    0.05,
    0.05,
    0.05
  ],
  "epsilon_T": [
    10,
    10010,
    20010,
    30010,
    40010,
    50010,
    60010,
    70010,
    80010,
    90010,
    100010,
    110010,
    120010,
    130010,
    140010,
    150010,
    160010,
    170010,
    180010,
    190010,
    200010
  ],
  "grad_norm": [
    228.57244873046875,
    60.241329193115234,
    82.09666442871094,
    79.00740814208984,
    32.28475570678711,
    31.381248474121094,
    25.826210021972656,
    60.31626892089844,
    110.14436340332031,
    81.24275970458984,
    71.27448272705078,
    84.2795639038086,
    62.89109802246094,
    45.5106086730957,
    68.36056518554688,
    61.30603790283203,
    35.456336975097656,
    41.814308166503906,
    28.169063568115234,
    54.04400634765625,
    27.116376876831055
  ],
  "grad_norm_T": [
    320,
    10320,
    20320,
    30320,
    40320,
    50320,
    60320,
    70320,
    80320,
    90320,
    100320,
    110320,
    120320,
    130320,
    140320,
    150320,
    160320,
    170320,
    180320,
    190320,
    200320
  ],
  "loss": [
    144.3461456298828,
    1.765876054763794,
    11.714616775512695,
    6.298218727111816,
    3.7806458473205566,
    2.4392476081848145,
    1.153792142868042,
    1.327034831047058,
    1.6265714168548584,
    1.1540546417236328,
    1.1386631727218628,
    1.1548858880996704,
    0.9168990850448608,
    0.8589025735855103,
    0.8927000164985657,
    0.9295541048049927,
    0.9756374359130859,
    0.7279854416847229,
    0.9186318516731262,
    0.8942304849624634,
    0.8936470150947571
  ],
  "loss_T": [
    320,
    10320,
    20320,
    30320,
    40320,
    50320,
    60320,
    70320,
    80320,
    90320,
    100320,
    110320,
    120320,
    130320,
    140320,
    150320,
    160320,
    170320,
    180320,
    190320,
    200320
  ],
  "q_taken_mean": [
    -0.0017805258433024088,
    0.000345855305592219,
    0.008731132348378499,
    0.008413840929667155,
    0.013503850301106771,
    0.00482198158899943,
    0.016351585388183595,
    0.015403254826863607,
    0.023286781311035155,
    0.015015541712443034,
    0.012857227325439454,
    0.007320167223612468,
    0.0017184921105702718,
    0.005188641945521036,
    -0.0024571917454401654,
    -0.0013012452920277914,
    -0.006377925872802734,
    -0.008417332172393798,
    -0.009737792809804281,
    -0.009413441022237143,
    -0.012007366021474203
  ],
  "q_taken_mean_T": [
    320,
    10320,
    20320,
    30320,
    40320,
    50320,
    60320,
    70320,
    80320,
    90320,
    100320,
    110320,
    120320,
    130320,
    140320,
    150320,
    160320,
    170320,
    180320,
    190320,
    200320
  ],
  "return_mean": [
    -113.0,
    -107.867,
    -82.41,
    -57.0695,
    -30.4925,
    -0.6335,
    17.157,
    18.3345,
    19.7315,
    19.867,
    20.0955,
    20.154,
    20.072,
    20.043,
    20.5085,
    20.2825,
    20.347,
    20.0305,
    20.4505,
    19.833,
    20.413
  ],
  "return_mean_T": [
    10,
    10010,
    20010,
    30010,
    40010,
    50010,
    60010,
    70010,
    80010,
    90010,
    100010,
    110010,
    120010,
    130010,
    140010,
    150010,
    160010,
    170010,
    180010,
    190010,
    200010
  ],
  "return_std": [
    0.0,
    9.040149943446735,
    10.997336041060125,
    10.971960615587353,
    10.419438264609086,
    11.303978403641791,
    5.0346152782511595,
    4.785223061676436,
    4.640652728873385,
    4.629558402266894,
    4.8407778042376615,
    4.735692557588594,
    4.73854576848214,
    4.872437890830422,
    4.925005355327038,
    5.120004272459155,
    4.67210776844884,
    5.022481433514713,
    5.079399546206225,
    4.917785172209132,
    4.812268799641184
  ],
  "return_std_T": [
    10,
    10010,
    20010,
    30010,
    40010,
    50010,
    60010,
    70010,
    80010,
    90010,
    100010,
    110010,
    120010,
    130010,
    140010,
    150010,
    160010,
    170010,
    180010,
    190010,
    200010
  ],
  "scaned_mean": [
    2.0,
    1.436,
    3.787,
    5.686,
    7.377,
    13.105,
    18.605,
    20.049,
    21.063,
    21.585,
    21.805,
    22.016,
    22.017,
    22.127,
    22.412,
    22.444,
    22.409,
    22.446,
    22.509,
    22.349,
    22.535
  ],
  "scaned_mean_T": [
    10,
    10010,
    20010,
    30010,
    40010,
    50010,
    60010,
    70010,
    80010,
    90010,
    100010,
    110010,
    120010,
    130010,
    140010,
    150010,
    160010,
    170010,
    180010,
    190010,
    200010
  ],
  "target_mean": [
    -0.7639925130208334,
    -0.7497154744466146,
    -0.12684566497802735,
    -0.26034594217936197,
    0.06764273325602213,
    0.0573246701558431,
    0.36526779174804686,
    0.5588338216145833,
    0.7493074544270834,
    0.7379909261067709,
    0.789606221516927,
    0.8539005533854167,
    0.8485299682617188,
    1.0009065755208333,
    0.9608355712890625,
    0.99945068359375,
    0.9742387898763021,
    0.9187453206380208,
    0.9184280395507812,
    0.9548895263671875,
    0.9146665445963542
  ],
  "target_mean_T": [
    320,
    10320,
    20320,
    30320,
    40320,
    50320,
    60320,
    70320,
    80320,
    90320,
    100320,
    110320,
    120320,
    130320,
    140320,
    150320,
    160320,
    170320,
    180320,
    190320,
    200320
  ],
  "td_error_abs": [
    11.8931396484375,
    0.9637411117553711,
    2.4196123123168944,
    2.085182952880859,
    1.5638561248779297,
    1.1898227691650392,
    0.846922492980957,
    0.868199634552002,
    1.0031036376953124,
    0.860539436340332,
    0.8465988159179687,
    0.8561088562011718,
    0.7399597644805909,
    0.7245442390441894,
    0.733879566192627,
    0.7553752899169922,
    0.7939172267913819,
    0.6686678886413574,
    0.7377614974975586,
    0.7512228965759278,
    0.7358207702636719
  ],
  "td_error_abs_T": [
    320,
    10320,
    20320,
    30320,
    40320,
    50320,
    60320,
    70320,
    80320,
    90320,
    100320,
    110320,
    120320,
    130320,
    140320,
    150320,
    160320,
    170320,
    180320,
    190320,
    200320
  ],