{
  "battle_won_mean": [
    0.0,
    0.0,
    0.0,
    0.0,
    0.0,
    0.0,
    0.0,
    0.0,
    0.0,
    0.0,
    0.0,
    0.0,
    0.0,
    0.0,
    0.0,
    0.0,
    0.0,
    0.0,
    0.0,
    0.0,
    0.0
  ],
  "battle_won_mean_T": [
    10,
    10010,
    20010,
    30010,
    40010,
    50010,
    60010,
    70010,
    80010,
    90010,
    100010,
    110010,
    120010,
    130010,
    140010,
    150010,
    160010,
    170010,
    180010,
    190010,
    200010
  ],
  "ep_length_mean": [
    10.0,
    10.0,
    10.0,
    10.0,
    10.0,
    10.0,
    10.0,
    10.0,
    10.0,
    10.0,
    10.0,
    10.0,
    10.0,
    10.0,
    10.0,
    10.0,
    10.0,
    10.0,
    10.0,
    10.0,
    10.0
  ],
  "ep_length_mean_T": [
    10,
    10010,
    20010,
    30010,
    40010,
    50010,
    60010,
    70010,
    80010,
    90010,
    100010,
    110010,
    120010,
    130010,
    140010,
    150010,
    160010,
    170010,
    180010,
    190010,
    200010
  ],
  "episode": [
    1000,
    2000,
    3000,
    4000,
    5000,
    6000,
    7000,
    8000,
    9000,
    10000,
    11000,
    12000,
    13000,
    14000,
    15000,
    16000,
    17000,
    18000,
    19000,
    20000
  ],
  "episode_T": [
    10000,
    20000,
    30000,
    40000,
    50000,
    60000,
    70000,
    80000,
    90000,
    100000,
    110000,
    120000,
    130000,
    140000,
    150000,
    160000,
    170000,
    180000,
    190000,
    200000
  ],
  "epsilon": [
    1.0,
    0.81,
    0.6200000000000001,
    0.43000000000000005,
    0.2400000000000001,
    0.050000000000000155,
    0.05,
    0.05,
    0.05,
    0.05,
    0.05,
    0.05,
    0.05,
    0.05,
    0.05,
    0.05,
    0.05,
    0.05,
    0.05,
    0.05,
    0.05
  ],
  "epsilon_T": [
    10,
    10010,
    20010,
    30010,
    40010,
    50010,
    60010,
    70010,
    80010,
    90010,
    100010,
    110010,
    120010,
    130010,
    140010,
    150010,
    160010,
    170010,
    180010,
    190010,
    200010
  ],
  "grad_norm": [
    335.5541076660156,
    52.71186447143555,
    32.91657638549805,
    46.596954345703125,
    44.352622985839844,
    75.62847900390625,
    64.98875427246094,
    69.48086547851562,
    66.97434997558594,
    89.70446014404297,
    66.87400817871094,
    92.14411926269531,
    92.37350463867188,
    60.24422073364258,
    75.11125946044922,
    68.6660385131836,
    44.079586029052734,
    40.39162063598633,
    57.50914001464844,
    47.81087112426758,
    55.08972930908203
  ],
  "grad_norm_T": [
    320,
    10320,
    20320,
    30320,
    40320,
    50320,
    60320,
    70320,
    80320,
    90320,
    100320,
    110320,
    120320,
    130320,
    140320,
    150320,
    160320,
    170320,
    180320,
    190320,
    200320
  ],
  "loss": [
    144.67208862304688,
    2.025841236114502,
    1.0733140707015991,
    4.448769569396973,
    2.6729366779327393,
    2.320962905883789,
    1.5412285327911377,
    1.309279441833496,
    1.322128415107727,
    1.2852849960327148,
    1.2257804870605469,
    1.4175117015838623,
    1.2502727508544922,
    1.3427009582519531,
    1.062415599822998,
    1.208199143409729,
    1.6171720027923584,
    1.0717636346817017,
    1.6175949573516846,
    2.4507553577423096,
    1.1588220596313477
  ],
  "loss_T": [
    320,
    10320,
    20320,
    30320,
    40320,
    50320,
    60320,
    70320,
    80320,
    90320,
    100320,
    110320,
    120320,
    130320,
    140320,
    150320,
    160320,
    170320,
    180320,
    190320,
    200320
  ],
  "q_taken_mean": [
    0.0006867127617200216,
    -0.05289541562398275,
    -0.02237821896870931,
    0.008259611129760742,
    0.013555320103963216,
    0.012662603060404459,
    0.00696570078531901,
    0.014553937911987305,
    0.010442043940226237,
    0.005917156934738159,
    0.0046389949321746825,
    -0.0024072221914927163,
    -0.0027676496903101602,
    -0.006877906322479248,
    -0.003278996547063192,
    -0.008112529118855794,
    -0.014737631479899089,
    -0.009990080197652181,
    -0.011234043439229329,
    -0.013279670874277751,
    -0.01262584368387858
  ],
  "q_taken_mean_T": [
    320,
    10320,
    20320,
    30320,
    40320,
    50320,
    60320,
    70320,
    80320,
    90320,
    100320,
    110320,
    120320,
    130320,
    140320,
    150320,
    160320,
    170320,
    180320,
    190320,
    200320
  ],
  "return_mean": [
    -119.0,
    -107.561,
    -85.918,
    -59.3575,
    -31.225,
    -2.91,
    15.846,
    18.8385,
    19.087,
    20.1955,
    20.6685,
    20.607,
    20.8455,
    20.6565,
    20.741,
    21.101,
    20.85,
    20.881,
    20.5965,
    20.6175,
    20.4065
  ],
  "return_mean_T": [
    10,
    10010,
    20010,
    30010,
    40010,
    50010,
    60010,
    70010,
    80010,
    90010,
    100010,
    110010,
    120010,
    130010,
    140010,
    150010,
    160010,
    170010,
    180010,
    190010,
    200010
  ],
  "return_std": [
    0.0,
    8.934247534067993,
    8.842074191048162,
    11.675998618961891,
    10.20026347698921,
    11.009877383513407,
    5.321445668237157,
    4.923328929697873,
    4.782460768265643,
    4.918183582380796,
    5.008478586357338,
    4.996904141566056,
    5.018304469639123,
    5.11280331618575,
    5.082215953695789,
    4.930496830949189,
    5.150485414016819,
    5.152071331027939,
    5.2927722178457675,
    5.339564003736634,
    5.302122947461705
  ],
  "return_std_T": [
    10,
    10010,
    20010,
    30010,
    40010,
    50010,
    60010,
    70010,
    80010,
    90010,
    100010,
    110010,
    120010,
    130010,
    140010,
    150010,
    160010,
    170010,
    180010,
    190010,
    200010
  ],
  "scaned_mean": [
    1.0,
    1.254,
    0.981,
    3.984,
    6.881,
    12.367,
    18.403,
    20.409,
    21.153,
    22.191,
    22.997,
    23.334,
    23.591,
    23.518,
    23.671,
    23.835,
    23.841,
    23.663,
    23.713,
    23.587,
    23.599
  ],
  "scaned_mean_T": [
    10,
    10010,
    20010,
    30010,
    40010,
    50010,
    60010,
    70010,
    80010,
    90010,
    100010,
    110010,
    120010,
    130010,
    140010,
    150010,
    160010,
    170010,
    180010,
    190010,
    200010
  ],
  "target_mean": [
    -0.734457499186198,
    -0.3038390350341797,
    -0.30660998026529945,
    -0.20923189798990885,
    -0.005647063255310059,
    0.27922210693359373,
    0.3626812489827474,
    0.5155178833007813,
    0.7090779622395833,
    0.7493064371744792,
    0.758755849202474,
    0.7909152730305989,
    0.8193810526529948,
    0.8096111043294271,
    0.8681470743815104,
    0.9398417154947917,
    0.8929368082682292,
    0.9365155029296875,
    0.938201192220052,
    0.9732285563151042,
    1.017224629720052
  ],
  "target_mean_T": [
    320,
    10320,
    20320,
    30320,
    40320,
    50320,
    60320,
    70320,
    80320,
    90320,
    100320,
    110320,
    120320,
    130320,
    140320,
    150320,
    160320,
    170320,
    180320,
    190320,
    200320
  ],
  "td_error_abs": [
    11.892938232421875,
    1.0365280151367187,
    0.734592342376709,
    1.6500795364379883,
    1.2987871170043945,
    1.2138107299804688,
    0.9699474334716797,
    0.9141807556152344,
    0.8987369537353516,
    0.9230719566345215,
    0.8515820503234863,
    0.9973734855651856,
    0.8938055038452148,
    0.9122182846069335,
    0.8276678085327148,
    0.8834596633911133,
    0.9291420936584472,
    0.78970308303833,
    0.915035629272461,
    1.0034598350524901,
    0.7655654430389405
  ],
  "td_error_abs_T": [
    320,
    10320,
    20320,
    30320,
    40320,
    50320,
    60320,
    70320,
    80320,
    90320,
    100320,
    110320,
    120320,
    130320,
    140320,
    150320,
    160320,
    170320,
    180320,
    190320,
    200320
  ],