{
  "battle_won_mean": [
    0.0,
    0.0,
    0.0,
    0.0,
    0.0,
    0.0,
    0.0,
    0.0,
    0.0,
    0.0,
    0.0,
    0.0,
    0.0,
    0.0,
    0.0,
    0.0,
    0.0,
    0.0,
    0.0,
    0.0,
    0.0
  ],
  "battle_won_mean_T": [
    10,
    10010,
    20010,
    30010,
    40010,
    50010,
    60010,
    70010,
    80010,
    90010,
    100010,
    110010,
    120010,
    130010,
    140010,
    150010,
    160010,
    170010,
    180010,
    190010,
    200010
  ],
  "ep_length_mean": [
    10.0,
    10.0,
    10.0,
    10.0,
    10.0,
    10.0,
    10.0,
    10.0,
    10.0,
    10.0,
    10.0,
    10.0,
    10.0,
    10.0,
    10.0,
    10.0,
    10.0,
    10.0,
    10.0,
    10.0,
    10.0
  ],
  "ep_length_mean_T": [
    10,
    10010,
    20010,
    30010,
    40010,
    50010,
    60010,
    70010,
    80010,
    90010,
    100010,
    110010,
    120010,
    130010,
    140010,
    150010,
    160010,
    170010,
    180010,
    190010,
    200010
  ],
  "episode": [
    1000,
    2000,
    3000,
    4000,
    5000,
    6000,
    7000,
    8000,
    9000,
    10000,
    11000,
    12000,
    13000,
    14000,
    15000,
    16000,
    17000,
    18000,
    19000,
    20000
  ],
  "episode_T": [
    10000,
    20000,
    30000,
    40000,
    50000,
    60000,
    70000,
    80000,
    90000,
    100000,
    110000,
    120000,
    130000,
    140000,
    150000,
    160000,
    170000,
    180000,
    190000,
    200000
  ],
  "epsilon": [
    1.0,
    0.81,
    0.6200000000000001,
    0.43000000000000005,
    0.2400000000000001,
    0.050000000000000155,
    0.05,
    0.05,
    0.05,
    0.05,
    0.05,
    0.05,
    0.05,
    0.05,
    0.05,
    0.05,
    0.05,
    0.05,
    0.05,
    0.05,
    0.05
  ],
  "epsilon_T": [
    10,
    10010,
    20010,
    30010,
    40010,
    50010,
    60010,
    70010,
    80010,
    90010,
    100010,
    110010,
    120010,
    130010,
    140010,
    150010,
    160010,
    170010,
    180010,
    190010,
    200010
  ],
  "grad_norm": [
    244.55111694335938,
    73.19818115234375,
    79.0438461303711,
    73.1484146118164,
    52.61168670654297,
    37.97243118286133,
    81.61206817626953,
    62.49527359008789,
    74.26304626464844,
    72.07833862304688,
    81.37574768066406,
    23.97933006286621,
    44.76065444946289,
    44.56562423706055,
    42.05312728881836,
    6.951690196990967,
    31.297685623168945,
    56.87898635864258,
    22.98883819580078,
    46.37880325317383,
    54.09820556640625
  ],
  "grad_norm_T": [
    320,
    10320,
    20320,
    30320,
    40320,
    50320,
    60320,
    70320,
    80320,
    90320,
    100320,
    110320,
    120320,
    130320,
    140320,
    150320,
    160320,
    170320,
    180320,
    190320,
    200320
  ],
  "loss": [
    141.78359985351562,
    1.3259234428405762,
    4.844146728515625,
    3.7923805713653564,
    2.3714816570281982,
    1.5720469951629639,
    1.9654910564422607,
    1.2676626443862915,
    1.4600356817245483,
    1.0245835781097412,
    1.5510027408599854,
    0.9166658520698547,
    0.8860494494438171,
    1.0423815250396729,
    1.0363975763320923,
    0.9939050674438477,
    0.9328731298446655,
    1.2614277601242065,
    0.9664674997329712,
    1.0201793909072876,
    1.1707394123077393
  ],
  "loss_T": [
    320,
    10320,
    20320,
    30320,
    40320,
    50320,
    60320,
    70320,
    80320,
    90320,
    100320,
    110320,
    120320,
    130320,
    140320,
    150320,
    160320,
    170320,
    180320,
    190320,
    200320
  ],
  "q_taken_mean": [
    -0.0016864252090454102,
    0.0025124247868855793,
    0.013447144826253254,
    -0.005941695769627889,
    0.0023529722293217977,
    -0.0016105339924494427,
    0.003794886271158854,
    0.00593744436899821,
    0.0009076541662216186,
    0.0007660717268784841,
    -0.0003528822461764018,
    -0.00945130983988444,
    -0.012350017229715984,
    -0.008438480695088705,
    -0.013476559321085612,
    -0.01407268524169922,
    -0.011137911478678385,
    -0.013048961957295735,
    -0.015216787656148275,
    -0.01625800132751465,
    -0.014389301935831706
  ],
  "q_taken_mean_T": [
    320,
    10320,
    20320,
    30320,
    40320,
    50320,
    60320,
    70320,
    80320,
    90320,
    100320,
    110320,
    120320,
    130320,
    140320,
    150320,
    160320,
    170320,
    180320,
    190320,
    200320
  ],
  "return_mean": [
    -119.0,
    -107.785,
    -82.66,
    -57.214,
    -29.525,
    0.5625,
    16.9645,
    17.2705,
    17.7925,
    17.787,
    18.403,
    18.3565,
    18.159,
    18.148,
    18.156,
    18.3295,
    18.1015,
    18.0,
    18.4015,
    18.042,
    17.993
  ],
  "return_mean_T": [
    10,
    10010,
    20010,
    30010,
    40010,
    50010,
    60010,
    70010,
    80010,
    90010,
    100010,
    110010,
    120010,
    130010,
    140010,
    150010,
    160010,
    170010,
    180010,
    190010,
    200010
  ],
  "return_std": [
    0.0,
    8.885818757998612,
    10.380842933018494,
    11.197374870923989,
    11.095150967877814,
    11.283011289101859,
    4.61492034059094,
    4.870018454790495,
    4.947392621371383,
    4.836179380461399,
    4.929309383676379,
    4.855425599265217,
    4.860320874181045,
    4.842529917305622,
    4.947793851809108,
    4.963585372490333,
    4.953932554042293,
    5.070108480101782,
    4.720757116183801,
    5.00412190099322,
    5.15018941399246
  ],
  "return_std_T": [
    10,
    10010,
    20010,
    30010,
    40010,
    50010,
    60010,
    70010,
    80010,
    90010,
    100010,
    110010,
    120010,
    130010,
    140010,
    150010,
    160010,
    170010,
    180010,
    190010,
    200010
  ],
  "scaned_mean": [
    1.0,
    1.453,
    3.974,
    6.994,
    10.054,
    14.963,
    17.996,
    18.616,
    19.327,
    19.564,
    20.031,
    20.15,
    20.089,
    20.096,
    19.929,
    20.089,
    20.112,
    20.085,
    20.119,
    20.136,
    20.004
  ],
  "scaned_mean_T": [
    10,
    10010,
    20010,
    30010,
    40010,
    50010,
    60010,
    70010,
    80010,
    90010,
    100010,
    110010,
    120010,
    130010,
    140010,
    150010,
    160010,
    170010,
    180010,
    190010,
    200010
  ],
  "target_mean": [
    -0.777173817952474,
    -0.8251844278971354,
    0.22429387410481771,
    0.14505905151367188,
    0.30260449727376304,
    0.28402175903320315,
    0.5721150207519531,
    0.6105678304036458,
    0.685913798014323,
    0.7706776936848958,
    0.8602260335286458,
    0.8468384806315105,
    0.7922421264648437,
    0.8692277018229166,
    0.8238370259602864,
    0.8895615641276041,
    0.9107745361328125,
    0.9013057454427084,
    0.88164306640625,
    0.8521844482421875,
    0.8597489420572917
  ],
  "target_mean_T": [
    320,
    10320,
    20320,
    30320,
    40320,
    50320,
    60320,
    70320,
    80320,
    90320,
    100320,
    110320,
    120320,
    130320,
    140320,
    150320,
    160320,
    170320,
    180320,
    190320,
    200320
  ],
  "td_error_abs": [
    11.77257843017578,
    0.846995735168457,
    1.7685962677001954,
    1.4818948745727538,
    1.2215792655944824,
    0.969657039642334,
    1.0912817001342774,
    0.8979019165039063,
    0.9866942405700684,
    0.829493236541748,
    1.0150616645812989,
    0.7830896377563477,
    0.7209463119506836,
    0.8087009429931641,
    0.809263801574707,
    0.7937103748321533,
    0.7442659854888916,
    0.8693925857543945,
    0.7569748401641846,
    0.7997297763824462,
    0.8583191871643067
  ],
  "td_error_abs_T": [
    320,
    10320,
    20320,
    30320,
    40320,
    50320,
    60320,
    70320,
    80320,
    90320,
    100320,
    110320,
    120320,
    130320,
    140320,
    150320,
    160320,
    170320,
    180320,
    190320,
    200320
  ],