{
  "battle_won_mean": [
    0.0,
    0.0,
    0.0,
    0.0,
    0.0,
    0.0,
    0.0,
    0.0,
    0.0,
    0.0,
    0.0,
    0.0,
    0.0,
    0.0,
    0.0,
    0.0,
    0.0,
    0.0,
    0.0,
    0.0,
    0.0
  ],
  "battle_won_mean_T": [
    10,
    10010,
    20010,
    30010,
    40010,
    50010,
    60010,
    70010,
    80010,
    90010,
    100010,
    110010,
    120010,
    130010,
    140010,
    150010,
    160010,
    170010,
    180010,
    190010,
    200010
  ],
  "ep_length_mean": [
    10.0,
    10.0,
    10.0,
    10.0,
    10.0,
    10.0,
    10.0,
    10.0,
    10.0,
    10.0,
    10.0,
    10.0,
    10.0,
    10.0,
    10.0,
    10.0,
    10.0,
    10.0,
    10.0,
    10.0,
    10.0
  ],
  "ep_length_mean_T": [
    10,
    10010,
    20010,
    30010,
    40010,
    50010,
    60010,
    70010,
    80010,
    90010,
    100010,
    110010,
    120010,
    130010,
    140010,
    150010,
    160010,
    170010,
    180010,
    190010,
    200010
  ],
  "episode": [
    1000,
    2000,
    3000,
    4000,
    5000,
    6000,
    7000,
    8000,
    9000,
    10000,
    11000,
    12000,
    13000,
    14000,
    15000,
    16000,
    17000,
    18000,
    19000,
    20000
  ],
  "episode_T": [
    10000,
    20000,
    30000,
    40000,
    50000,
    60000,
    70000,
    80000,
    90000,
    100000,
    110000,
    120000,
    130000,
    140000,
    150000,
    160000,
    170000,
    180000,
    190000,
    200000
  ],
  "epsilon": [
    1.0,
    0.81,
    0.6200000000000001,
    0.43000000000000005,
    0.2400000000000001,
    0.050000000000000155,
    0.05,
    0.05,
    0.05,
    0.05,
    0.05,
    0.05,
    0.05,
    0.05,
    0.05,
    0.05,
    0.05,
    0.05,
    0.05,
    0.05,
    0.05
  ],
  "epsilon_T": [
    10,
    10010,
    20010,
    30010,
    40010,
    50010,
    60010,
    70010,
    80010,
    90010,
    100010,
    110010,
    120010,
    130010,
    140010,
    150010,
    160010,
    170010,
    180010,
    190010,
    200010
  ],
  "grad_norm": [
    275.04241943359375,
    71.93744659423828,
    16.527259826660156,
    186.55886840820312,
    47.86784744262695,
    74.61270904541016,
    77.91431427001953,
    105.55290222167969,
    82.7474365234375,
    85.7363510131836,
    52.64445877075195,
    80.58956146240234,
    57.07464599609375,
    73.09056854248047,
    18.090774536132812,
    56.98410415649414,
    35.70058059692383,
    31.479734420776367,
    44.21711730957031,
    48.447662353515625,
    39.26046371459961
  ],
  "grad_norm_T": [
    320,
    10320,
    20320,
    30320,
    40320,
    50320,
    60320,
    70320,
    80320,
    90320,
    100320,
    110320,
    120320,
    130320,
    140320,
    150320,
    160320,
    170320,
    180320,
    190320,
    200320
  ],
  "loss": [
    142.06808471679688,
    1.2508996725082397,
    8.237360954284668,
    4.626873970031738,
    2.106739044189453,
    2.6024045944213867,
    1.9655288457870483,
    2.236618757247925,
    1.55959951877594,
    1.4050935506820679,
    1.299918293952942,
    1.3389966487884521,
    1.1813771724700928,
    1.1584198474884033,
    0.8514308929443359,
    1.0079110860824585,
    1.0867671966552734,
    1.087913155555725,
    1.1321483850479126,
    1.0406954288482666,
    1.1212549209594727
  ],
  "loss_T": [
    320,
    10320,
    20320,
    30320,
    40320,
    50320,
    60320,
    70320,
    80320,
    90320,
    100320,
    110320,
    120320,
    130320,
    140320,
    150320,
    160320,
    170320,
    180320,
    190320,
    200320
  ],
  "q_taken_mean": [
    0.006280422210693359,
    -0.0014501313368479412,
    0.012706785202026368,
    0.010075979232788086,
    0.006797099113464355,
    0.0022150824467341104,
    0.008484840393066406,
    0.017481880187988283,
    0.014015506108601888,
    0.007175481319427491,
    0.0022167770067850747,
    -0.0008983055750528972,
    -0.004200559059778849,
    -0.005028200149536133,
    -0.004035598436991374,
    -0.01117017110188802,
    -0.008658901850382487,
    -0.008453976313273113,
    -0.008612516721089682,
    -0.010666414896647136,
    -0.013939770062764485
  ],
  "q_taken_mean_T": [
    320,
    10320,
    20320,
    30320,
    40320,
    50320,
    60320,
    70320,
    80320,
    90320,
    100320,
    110320,
    120320,
    130320,
    140320,
    150320,
    160320,
    170320,
    180320,
    190320,
    200320
  ],
  "return_mean": [
    -125.0,
    -107.8605,
    -83.309,
    -57.5315,
    -29.1025,
    1.076,
    15.7535,
    16.2705,
    16.227,
    15.96,
    16.296,
    16.6585,
    16.211,
    16.364,
    16.179,
    16.26,
    16.5875,
    16.162,
    16.592,
    17.0015,
    16.7645
  ],
  "return_mean_T": [
    10,
    10010,
    20010,
    30010,
    40010,
    50010,
    60010,
    70010,
    80010,
    90010,
    100010,
    110010,
    120010,
    130010,
    140010,
    150010,
    160010,
    170010,
    180010,
    190010,
    200010
  ],
  "return_std": [
    0.0,
    8.988592200673029,
    10.33554638129983,
    11.607056377480038,
    11.678601960423174,
    11.12457747512237,
    4.645587987542589,
    4.929916809642937,
    4.944337266004414,
    4.861008125893229,
    4.637659323408738,
    4.857790418492753,
    4.668348637366322,
    4.999200336053757,
    4.5657375088806855,
    4.781882474507294,
    4.828363464984798,
    4.899056643885637,
    4.6578467128062515,
    4.711766945637273,
    4.973006107979358
  ],
  "return_std_T": [
    10,
    10010,
    20010,
    30010,
    40010,
    50010,
    60010,
    70010,
    80010,
    90010,
    100010,
    110010,
    120010,
    130010,
    140010,
    150010,
    160010,
    170010,
    180010,
    190010,
    200010
  ],
  "scaned_mean": [
    1.0,
    1.226,
    4.063,
    8.073,
    11.397,
    15.278,
    16.97,
    17.439,
    17.685,
    17.714,
    17.931,
    18.04,
    17.914,
    17.997,
    17.898,
    17.937,
    18.127,
    18.008,
    18.316,
    18.85,
    18.68
  ],
  "scaned_mean_T": [
    10,
    10010,
    20010,
    30010,
    40010,
    50010,
    60010,
    70010,
    80010,
    90010,
    100010,
    110010,
    120010,
    130010,
    140010,
    150010,
    160010,
    170010,
    180010,
    190010,
    200010
  ],
  "target_mean": [
    -0.7854081217447917,
    -0.9005202229817708,
    -0.29111475626627603,
    0.4152473958333333,
    0.19724107106526692,
    0.23448399861653646,
    0.38732994079589844,
    0.68104248046875,
    0.7640158081054688,
    0.7991546630859375,
    0.7769947814941406,
    0.809261474609375,
    0.8167095947265625,
    0.8692458089192708,
    0.8528383890787761,
    0.7909132893880209,
    0.8148421732584635,
    0.8627711995442708,
    0.8432303873697916,
    0.9045050048828125,
    0.8448170979817708
  ],
  "target_mean_T": [
    320,
    10320,
    20320,
    30320,
    40320,
    50320,
    60320,
    70320,
    80320,
    90320,
    100320,
    110320,
    120320,
    130320,
    140320,
    150320,
    160320,
    170320,
    180320,
    190320,
    200320
  ],
  "td_error_abs": [
    11.772261810302734,
    0.8067359924316406,
    2.07757682800293,
    1.7114776611328124,
    1.1214259147644043,
    1.279249382019043,
    1.0837799072265626,
    1.1853673934936524,
    0.9885910034179688,
    0.9230798721313477,
    0.9032162666320801,
    0.9298436164855957,
    0.8552133560180664,
    0.843477439880371,
    0.7114890098571778,
    0.8021048545837403,
    0.8179106712341309,
    0.8354299545288086,
    0.8301325798034668,
    0.8034235000610351,
    0.8266486167907715
  ],
  "td_error_abs_T": [
    320,
    10320,
    20320,
    30320,
    40320,
    50320,
    60320,
    70320,
    80320,
    90320,
    100320,
    110320,
    120320,
    130320,
    140320,
    150320,
    160320,
    170320,
    180320,
    190320,
    200320
  ],