{
  "battle_won_mean": [
    0.0,
    0.0,
    0.0,
    0.0,
    0.0,
    0.0,
    0.0,
    0.0,
    0.0,
    0.0,
    0.0,
    0.0,
    0.0,
    0.0,
    0.0,
    0.0,
    0.0,
    0.0,
    0.0,
    0.0,
    0.0
  ],
  "battle_won_mean_T": [
    10,
    10010,
    20010,
    30010,
    40010,
    50010,
    60010,
    70010,
    80010,
    90010,
    100010,
    110010,
    120010,
    130010,
    140010,
    150010,
    160010,
    170010,
    180010,
    190010,
    200010
  ],
  "ep_length_mean": [
    10.0,
    10.0,
    10.0,
    10.0,
    10.0,
    10.0,
    10.0,
    10.0,
    10.0,
    10.0,
    10.0,
    10.0,
    10.0,
    10.0,
    10.0,
    10.0,
    10.0,
    10.0,
    10.0,
    10.0,
    10.0
  ],
  "ep_length_mean_T": [
    10,
    10010,
    20010,
    30010,
    40010,
    50010,
    60010,
    70010,
    80010,
    90010,
    100010,
    110010,
    120010,
    130010,
    140010,
    150010,
    160010,
    170010,
    180010,
    190010,
    200010
  ],
  "episode": [
    1000,
    2000,
    3000,
    4000,
    5000,
    6000,
    7000,
    8000,
    9000,
    10000,
    11000,
    12000,
    13000,
    14000,
    15000,
    16000,
    17000,
    18000,
    19000,
    20000
  ],
  "episode_T": [
    10000,
    20000,
    30000,
    40000,
    50000,
    60000,
    70000,
    80000,
    90000,
    100000,
    110000,
    120000,
    130000,
    140000,
    150000,
    160000,
    170000,
    180000,
    190000,
    200000
  ],
  "epsilon": [
    1.0,
    0.81,
    0.6200000000000001,
    0.43000000000000005,
    0.2400000000000001,
    0.050000000000000155,
    0.05,
    0.05,
    0.05,
    0.05,
    0.05,
    0.05,
    0.05,
    0.05,
    0.05,
    0.05,
    0.05,
    0.05,
    0.05,
    0.05,
    0.05
  ],
  "epsilon_T": [
    10,
    10010,
    20010,
    30010,
    40010,
    50010,
    60010,
    70010,
    80010,
    90010,
    100010,
    110010,
    120010,
    130010,
    140010,
    150010,
    160010,
    170010,
    180010,
    190010,
    200010
  ],
  "grad_norm": [
    542.052978515625,
    31.727771759033203,
    41.004146575927734,
    67.3808822631836,
    18.35080337524414,
    36.668209075927734,
    23.069900512695312,
    43.45574951171875,
    33.28866195678711,
    53.714778900146484,
    68.2286148071289,
    85.14386749267578,
    68.30120086669922,
    73.1568374633789,
    46.037078857421875,
    50.04450225830078,
    50.73757553100586,
    36.74265670776367,
    57.378726959228516,
    46.11001205444336,
    41.671363830566406
  ],
  "grad_norm_T": [
    320,
    10320,
    20320,
    30320,
    40320,
    50320,
    60320,
    70320,
    80320,
    90320,
    100320,
    110320,
    120320,
    130320,
    140320,
    150320,
    160320,
    170320,
    180320,
    190320,
    200320
  ],
  "loss": [
    139.76406860351562,
    1.7002489566802979,
    2.295682430267334,
    3.7829768657684326,
    2.433335781097412,
    2.6688296794891357,
    1.826123833656311,
    1.703264594078064,
    1.1369314193725586,
    1.1543630361557007,
    1.2670390605926514,
    1.1792070865631104,
    1.088673710823059,
    1.077136754989624,
    1.401544213294983,
    1.050686001777649,
    1.2554683685302734,
    0.9040601849555969,
    1.0693010091781616,
    0.8064157366752625,
    0.8320125341415405
  ],
  "loss_T": [
    320,
    10320,
    20320,
    30320,
    40320,
    50320,
    60320,
    70320,
    80320,
    90320,
    100320,
    110320,
    120320,
    130320,
    140320,
    150320,
    160320,
    170320,
    180320,
    190320,
    200320
  ],
  "q_taken_mean": [
    0.0018828384081522624,
    -0.013511659304300944,
    -0.006896984577178955,
    0.008978699843088786,
    -0.005488311449686686,
    0.0003844089557727178,
    0.013525002797444662,
    0.013156869411468507,
    0.013947798411051432,
    0.015967020988464354,
    0.009152790705362956,
    0.0007809208333492279,
    -0.004372447331746419,
    -0.0069482644399007166,
    -0.010649191538492838,
    -0.012228301366170247,
    -0.013587490717569987,
    -0.015244401295979818,
    -0.01713055610656738,
    -0.017805859247843423,
    -0.018665577570597332
  ],
  "q_taken_mean_T": [
    320,
    10320,
    20320,
    30320,
    40320,
    50320,
    60320,
    70320,
    80320,
    90320,
    100320,
    110320,
    120320,
    130320,
    140320,
    150320,
    160320,
    170320,
    180320,
    190320,
    200320
  ],
  "return_mean": [
    -120.0,
    -107.752,
    -85.309,
    -56.771,
    -30.435,
    -5.258,
    7.4395,
    8.7755,
    15.6275,
    19.1415,
    19.8785,
    20.4465,
    20.566,
    20.451,
    20.59,
    19.731,
    19.8655,
    20.1995,
    21.203,
    21.012,
    20.9735
  ],
  "return_mean_T": [
    10,
    10010,
    20010,
    30010,
    40010,
    50010,
    60010,
    70010,
    80010,
    90010,
    100010,
    110010,
    120010,
    130010,
    140010,
    150010,
    160010,
    170010,
    180010,
    190010,
    200010
  ],
  "return_std": [
    0.0,
    8.682568513982483,
    9.584624092785278,
    11.510932151654792,
    10.350303135657429,
    9.060377254838786,
    4.672214651533039,
    5.082504279388262,
    5.460905945903115,
    4.944211539770522,
    4.692599253079257,
    4.773875548231227,
    5.083713603262875,
    4.967202331292737,
    4.961995566301929,
    5.464534655393815,
    5.555237146153169,
    5.463876805895242,
    4.989518113004501,
    4.9332905854003775,
    4.845931050892078
  ],
  "return_std_T": [
    10,
    10010,
    20010,
    30010,
    40010,
    50010,
    60010,
    70010,
    80010,
    90010,
    100010,
    110010,
    120010,
    130010,
    140010,
    150010,
    160010,
    170010,
    180010,
    190010,
    200010
  ],
  "scaned_mean": [
    1.0,
    1.165,
    1.301,
    5.146,
    6.696,
    7.134,
    7.346,
    9.086,
    17.601,
    20.925,
    21.868,
    22.649,
    22.93,
    22.98,
    23.108,
    23.084,
    23.069,
    23.273,
    23.54,
    23.683,
    23.657
  ],
  "scaned_mean_T": [
    10,
    10010,
    20010,
    30010,
    40010,
    50010,
    60010,
    70010,
    80010,
    90010,
    100010,
    110010,
    120010,
    130010,
    140010,
    150010,
    160010,
    170010,
    180010,
    190010,
    200010
  ],
  "target_mean": [
    -0.7388020833333333,
    -0.22413742065429687,
    -0.3305625915527344,
    -0.0014109404881795246,
    -0.1523138427734375,
    -0.007343260447184244,
    0.2655419667561849,
    0.38779942830403646,
    0.48240936279296875,
    0.7066600545247396,
    0.7935796610514323,
    0.8170466105143229,
    0.8309954833984375,
    0.8700785319010417,
    0.85388427734375,
    0.8984377034505209,
    0.8880702718098958,
    0.892467753092448,
    0.9166444905598958,
    0.910115966796875,
    0.9138570149739583
  ],
  "target_mean_T": [
    320,
    10320,
    20320,
    30320,
    40320,
    50320,
    60320,
    70320,
    80320,
    90320,
    100320,
    110320,
    120320,
    130320,
    140320,
    150320,
    160320,
    170320,
    180320,
    190320,
    200320
  ],
  "td_error_abs": [
    11.667571258544921,
    0.8881932258605957,
    1.2087821960449219,
    1.5423406600952148,
    1.2565577507019043,
    1.28771915435791,
    1.0708240509033202,
    1.0660417556762696,
    0.8169425964355469,
    0.8465572357177734,
    0.8835350036621094,
    0.8824254989624023,
    0.8483251571655274,
    0.7990071296691894,
    0.8715003967285156,
    0.772194766998291,
    0.8231171607971192,
    0.747434139251709,
    0.8100728988647461,
    0.7047248840332031,
    0.7218459129333497
  ],
  "td_error_abs_T": [
    320,
    10320,
    20320,
    30320,
    40320,
    50320,
    60320,
    70320,
    80320,
    90320,
    100320,
    110320,
    120320,
    130320,
    140320,
    150320,
    160320,
    170320,
    180320,
    190320,
    200320
  ],