{
  "battle_won_mean": [
    0.0,
    0.0,
    0.0,
    0.0,
    0.0,
    0.0,
    0.0,
    0.0,
    0.0,
    0.0,
    0.0,
    0.0,
    0.0,
    0.0,
    0.0,
    0.0,
    0.0,
    0.0,
    0.0,
    0.0,
    0.0
  ],
  "battle_won_mean_T": [
    10,
    10010,
    20010,
    30010,
    40010,
    50010,
    60010,
    70010,
    80010,
    90010,
    100010,
    110010,
    120010,
    130010,
    140010,
    150010,
    160010,
    170010,
    180010,
    190010,
    200010
  ],
  "ep_length_mean": [
    10.0,
    10.0,
    10.0,
    10.0,
    10.0,
    10.0,
    10.0,
    10.0,
    10.0,
    10.0,
    10.0,
    10.0,
    10.0,
    10.0,
    10.0,
    10.0,
    10.0,
    10.0,
    10.0,
    10.0,
    10.0
  ],
  "ep_length_mean_T": [
    10,
    10010,
    20010,
    30010,
    40010,
    50010,
    60010,
    70010,
    80010,
    90010,
    100010,
    110010,
    120010,
    130010,
    140010,
    150010,
    160010,
    170010,
    180010,
    190010,
    200010
  ],
  "episode": [
    1000,
    2000,
    3000,
    4000,
    5000,
    6000,
    7000,
    8000,
    9000,
    10000,
    11000,
    12000,
    13000,
    14000,
    15000,
    16000,
    17000,
    18000,
    19000,
    20000
  ],
  "episode_T": [
    10000,
    20000,
    30000,
    40000,
    50000,
    60000,
    70000,
    80000,
    90000,
    100000,
    110000,
    120000,
    130000,
    140000,
    150000,
    160000,
    170000,
    180000,
    190000,
    200000
  ],
  "epsilon": [
    1.0,
    0.81,
    0.6200000000000001,
    0.43000000000000005,
    0.2400000000000001,
    0.050000000000000155,
    0.05,
    0.05,
    0.05,
    0.05,
    0.05,
    0.05,
    0.05,
    0.05,
    0.05,
    0.05,
    0.05,
    0.05,
    0.05,
    0.05,
    0.05
  ],
  "epsilon_T": [
    10,
    10010,
    20010,
    30010,
    40010,
    50010,
    60010,
    70010,
    80010,
    90010,
    100010,
    110010,
    120010,
    130010,
    140010,
    150010,
    160010,
    170010,
    180010,
    190010,
    200010
  ],
  "grad_norm": [
    363.10650634765625,
    52.273338317871094,
    23.140644073486328,
    73.04261779785156,
    63.56249237060547,
    41.645809173583984,
    38.28337097167969,
    142.9562530517578,
    60.0935173034668,
    82.14313507080078,
    108.4854507446289,
    90.52578735351562,
    90.08781433105469,
    71.22728729248047,
    108.9006576538086,
    57.79350280761719,
    27.170013427734375,
    59.55767059326172,
    80.2445297241211,
    69.2013931274414,
    61.45797348022461
  ],
  "grad_norm_T": [
    320,
    10320,
    20320,
    30320,
    40320,
    50320,
    60320,
    70320,
    80320,
    90320,
    100320,
    110320,
    120320,
    130320,
    140320,
    150320,
    160320,
    170320,
    180320,
    190320,
    200320
  ],
  "loss": [
    144.7727508544922,
    1.4287784099578857,
    4.268527030944824,
    5.5294013023376465,
    4.023073196411133,
    2.1365127563476562,
    1.466566801071167,
    2.293488025665283,
    1.080730676651001,
    1.3360614776611328,
    1.4043400287628174,
    1.0623682737350464,
    1.1594469547271729,
    1.736403226852417,
    1.1740434169769287,
    0.9396613836288452,
    0.7944256067276001,
    0.8538742065429688,
    0.903094470500946,
    0.9292503595352173,
    1.0039865970611572
  ],
  "loss_T": [
    320,
    10320,
    20320,
    30320,
    40320,
    50320,
    60320,
    70320,
    80320,
    90320,
    100320,
    110320,
    120320,
    130320,
    140320,
    150320,
    160320,
    170320,
    180320,
    190320,
    200320
  ],
  "q_taken_mean": [
    0.0005673083662986755,
    -0.005360021988550822,
    0.011733145713806152,
    0.018023497263590496,
    0.015631116231282553,
    0.008557151953379314,
    0.019564263025919595,
    0.01573611259460449,
    0.013093501726786295,
    0.011353898843129475,
    0.008002555370330811,
    0.005612156391143799,
    0.0002491321414709091,
    -0.001470504403114319,
    0.0014282612005869547,
    -0.007917683919270833,
    -0.01543887456258138,
    -0.012059502601623535,
    -0.009860389232635498,
    -0.01560786247253418,
    -0.015578215916951497
  ],
  "q_taken_mean_T": [
    320,
    10320,
    20320,
    30320,
    40320,
    50320,
    60320,
    70320,
    80320,
    90320,
    100320,
    110320,
    120320,
    130320,
    140320,
    150320,
    160320,
    170320,
    180320,
    190320,
    200320
  ],
  "return_mean": [
    -115.0,
    -108.0975,
    -82.8955,
    -56.2355,
    -29.9885,
    -0.568,
    16.1275,
    17.9785,
    19.709,
    19.6575,
    19.94,
    20.6135,
    20.4485,
    20.9675,
    21.132,
    21.066,
    21.0465,
    20.9765,
    21.0345,
    21.134,
    21.114
  ],
  "return_mean_T": [
    10,
    10010,
    20010,
    30010,
    40010,
    50010,
    60010,
    70010,
    80010,
    90010,
    100010,
    110010,
    120010,
    130010,
    140010,
    150010,
    160010,
    170010,
    180010,
    190010,
    200010
  ],
  "return_std": [
    0.0,
    8.779877205861139,
    10.875147343829417,
    10.245012920928893,
    10.6672450871816,
    10.627270392720796,
    4.915586816444198,
    4.818276429388418,
    4.786368038502681,
    4.7288945589852185,
    4.781464210887707,
    4.790393277174641,
    5.059258616635446,
    4.812867518434307,
    4.889230614319599,
    4.901647070118369,
    4.7392075023151286,
    4.929523075308604,
    4.960247952471732,
    4.714556606935588,
    4.954241011497119
  ],
  "return_std_T": [
    10,
    10010,
    20010,
    30010,
    40010,
    50010,
    60010,
    70010,
    80010,
    90010,
    100010,
    110010,
    120010,
    130010,
    140010,
    150010,
    160010,
    170010,
    180010,
    190010,
    200010
  ],
  "scaned_mean": [
    2.0,
    1.215,
    3.481,
    5.801,
    9.186,
    14.293,
    17.813,
    19.549,
    21.167,
    21.688,
    22.044,
    22.387,
    22.581,
    23.128,
    23.397,
    23.317,
    23.326,
    23.167,
    23.297,
    23.324,
    23.282
  ],
  "scaned_mean_T": [
    10,
    10010,
    20010,
    30010,
    40010,
    50010,
    60010,
    70010,
    80010,
    90010,
    100010,
    110010,
    120010,
    130010,
    140010,
    150010,
    160010,
    170010,
    180010,
    190010,
    200010
  ],
  "target_mean": [
    -0.7692879740397135,
    -0.45727060953776044,
    -0.10573986689249674,
    0.09083002726236979,
    0.04633362452189128,
    0.19610177357991537,
    0.4862653605143229,
    0.6933389282226563,
    0.6562581888834635,
    0.7264412434895834,
    0.8153580220540365,
    0.8239942423502604,
    0.849438222249349,
    0.8767245483398437,
    1.00229736328125,
    0.9430002848307292,
    0.8384638468424479,
    0.8702323404947917,
    0.94870849609375,
    0.9345614624023437,
    0.9135019938151042
  ],
  "target_mean_T": [
    320,
    10320,
    20320,
    30320,
    40320,
    50320,
    60320,
    70320,
    80320,
    90320,
    100320,
    110320,
    120320,
    130320,
    140320,
    150320,
    160320,
    170320,
    180320,
    190320,
    200320
  ],
  "td_error_abs": [
    11.862840270996093,
    0.8648399353027344,
    1.6214157104492188,
    1.9258930206298828,
    1.6062351226806642,
    1.1141909599304198,
    0.9646812438964844,
    1.2429466247558594,
    0.8442398071289062,
    0.943599796295166,
    0.9583898544311523,
    0.8267679214477539,
    0.8781685829162598,
    1.0670042037963867,
    0.8478069305419922,
    0.7382820129394532,
    0.7003251075744629,
    0.7229951381683349,
    0.7596825122833252,
    0.7443389415740966,
    0.7984359741210938
  ],
  "td_error_abs_T": [
    320,
    10320,
    20320,
    30320,
    40320,
    50320,
    60320,
    70320,
    80320,
    90320,
    100320,
    110320,
    120320,
    130320,
    140320,
    150320,
    160320,
    170320,
    180320,
    190320,
    200320
  ],